Site,Account,Cost 2015/16,Cost 2016/17,Consumption 2015/16,Consumption 2016/17
Primary School - Aberford Church of England  ,Electricity - 10009034,"£7,144.48","£6,218.28","57,144","59,569"
Primary School - Adel  ,Electricity - 10008021,"£14,412.37","£11,513.10","103,011","89,316"
Primary School - Adel St John The Baptist Church of England  ,Electricity - 10008019,"£10,210.87","£8,701.97","73,642","66,803"
Primary School - All Saints Church of England Primary and Nursery  ,Electricity - 10008649,"£10,493.40","£9,901.97","95,551","92,596"
Primary School - All Saints Church of England Primary and Nursery  ,Electricity - 10008648,£53.62,£13.38,1,0
Primary School - Allerton Bywater  ,Electricity - 10009039,"£2,875.75",£965.90,"28,749","8,978"
Primary School - Allerton Bywater  ,Electricity - 10003958,"£9,916.23","£4,429.96","97,723","35,635"
Primary School - Allerton Church of England  ,Electricity - 10003208,"£16,535.53","£16,361.41","146,453","145,454"
Primary School - Alwoodley  ,Electricity - 10008121,"£4,598.14","£4,691.56","33,676","36,134"
Primary School - Alwoodley  ,Electricity - 10008122,"£16,670.12","£13,242.33","122,943","102,941"
Primary School - Armley  ,Electricity - 10012175,"£9,976.27","£9,678.27","79,444","70,605"
Primary School - Ashfield   ,Electricity - 10002416,"£9,105.77","£8,969.40","75,751","68,288"
Primary School - Austhorpe  ,Electricity - 10008620,"£10,707.84","£9,834.61","97,328","91,605"
Primary School - Bankside  ,Electricity - 10002638,"£25,449.23","£22,872.46","213,806","171,480"
Primary School - Bankside (AIP)  ,Electricity - 10125233,,£69.92,,323
Primary School - Bardsey  ,Electricity - 10008653,"£6,251.51","£2,609.71","47,786","19,879"
Primary School - Bardsey  ,Electricity - 10008654,£97.40,£184.23,400,"1,266"
Primary School - Bardsey  ,Electricity - 10008655,"£3,431.18","£1,073.32","25,729","8,139"
Primary School - Barwick in Elmet Church of England  ,Electricity - 10008571,£608.73,£420.63,"5,031","3,526"
Primary School - Barwick in Elmet Church of England  ,Electricity - 10012205,"£9,577.53","£8,010.68","80,884","77,984"
Primary School - Beechwood  ,Electricity - 10012159,"£14,854.72","£14,981.96","119,662","113,286"
Primary School - Beecroft  ,Electricity - 10008962,"£13,194.91","£9,457.84","105,714","76,988"
Primary School - Beeston  ,Electricity - 10012139,"£6,111.47","£5,951.62","53,052","48,039"
Primary School - Beeston Hill St Lukes Church of England  ,Electricity - 10154802,"£11,010.11","£8,805.21","96,337","64,603"
Primary School - Beeston St Francis of Assisi Roman Catholic  ,Electricity - 10008766,"£4,304.81","£5,389.52","39,206","50,178"
Primary School - Birchfield  ,Electricity - 10008231,"£12,202.72","£5,469.59","90,333","42,883"
Primary School - Birchfield  ,Electricity - 10008998,£45.04,£37.34,228,0
Primary School - Birchfield  ,Electricity - 10008232,£318.50,£275.80,"2,461","2,147"
Primary School - Blackgates  ,Electricity - 10008179,"£16,869.59","£13,314.19","124,586","104,758"
Primary School - Blenheim  ,Electricity - 10008936,"£14,473.16","£12,571.14","111,137","97,404"
Primary School - Blenheim  ,Electricity - 10005728,£124.30,£433.00,"1,158","3,642"
Primary School - Bracken Edge  ,Electricity - 10002774,"£19,485.86","£20,695.17","158,453","156,069"
Primary School - Bramham  ,Electricity - 10008012,"£2,428.31","£2,370.87","17,535","18,061"
Primary School - Bramham  ,Electricity - 10008013,"£4,987.30","£4,049.93","35,755","30,814"
Primary School - Bramham  ,Electricity - 10008968,£25.80,£14.18,0,0
Primary School - Bramhope  ,Electricity - 10140720,"£2,948.07","£1,152.35","20,731","8,987"
Primary School - Bramhope  ,Electricity - 10007630,£840.05,£236.39,"6,996","2,131"
Primary School - Bramhope  ,Electricity - 10007631,"£5,200.05","£4,232.15","37,758","31,017"
Primary School - Bramhope  ,Electricity - 10007632,"£3,523.95","£3,229.18","25,346","23,475"
Primary School - Bramley  ,Electricity - 10012178,"£13,358.81","£11,822.25","109,035","90,216"
Primary School - Bramley  ,Electricity - 10009392,£259.45,£209.56,"1,439","1,175"
Primary School - Bramley St Peters Church of England  ,Electricity - 10012142,"£4,263.47","£2,973.25","34,547","22,004"
Primary School - Broadgate  ,Electricity - 10007411,"£6,714.19","£7,938.04","49,150","61,634"
Primary School - Broadgate  ,Electricity - 10140412,"£21,323.69","£7,807.15","157,537","60,605"
Primary School - Broadgate  ,Electricity - 10007413,£537.07,"£1,238.90","4,362","9,903"
Primary School - Broadgate  ,Electricity - 10012196,"£4,025.56","£8,080.15","31,434","62,925"
Primary School - Brodetsky  ,Electricity - 10002415,"£33,083.22","£23,608.99","275,270","202,870"
Primary School - Brodetsky  ,Electricity - 10008246,£593.24,£449.56,"4,879","4,207"
Primary School - Brudenell  ,Electricity - 10007946,"£4,656.21","£7,279.76","39,850","61,265"
Primary School - Burley St Matthias Church of England  ,Electricity - 10007932,"£3,079.26","£2,589.69","25,943","23,859"
Primary School - Burley St Matthias Church of England  ,Electricity - 10008963,"£1,298.93","£1,092.48","11,484","9,717"
Primary School - Burley St Matthias Church of England  ,Electricity - 10008787,"£1,809.65","£1,436.40","15,624","13,050"
Primary School - Burley St Matthias Church of England  ,Electricity - 10008788,"£1,491.75","£1,579.67","12,878","14,373"
Primary School - Calverley Church of England  ,Electricity - 10007659,"£9,081.71","£7,191.59","78,771","66,827"
Primary School - Calverley Church of England  ,Electricity - 10007660,£266.58,£239.96,"1,984","1,790"
Primary School - Calverley Church of England  ,Electricity - 10012197,"£10,548.52","£10,169.91","83,257","83,930"
Primary School - Calverley Parkside  ,Electricity - 10007655,"£7,082.98","£7,302.77","51,420","56,460"
Primary School - Carlton  ,Electricity - 10012062,"£13,781.06","£10,695.42","100,787","78,045"
Primary School - Carr Manor  ,Electricity - 10012166,"£26,204.91","£23,077.54","213,546","170,134"
Primary School - Carr Manor Thro  ,Electricity - 10002837,"£11,684.82","£13,027.15","90,186","97,827"
Primary School - Castleton  ,Electricity - 10007731,"£16,170.50","£12,370.35","117,759","96,628"
Primary School - Castleton  ,Electricity - 10008841,"£3,420.76","£3,684.46","24,945","28,282"
Primary School - Chapel Allerton  ,Electricity - 10012107,"£19,229.98","£17,393.51","154,448","125,035"
Primary School - Christ Church Upper Armley Church of England  ,Electricity - 10007747,"£6,665.50","£5,146.19","57,688","47,878"
Primary School - Christ The King Roman Catholic  ,Electricity - 10007888,"£1,994.56","£6,821.66","17,513","63,658"
Primary School - Churwell  ,Electricity - 10012144,"£2,408.73","£2,292.31","17,184","11,959"
Primary School - Clapgate  ,Electricity - 10002639,"£18,530.38","£18,636.87","154,653","143,667"
Primary School - Cobden  ,Electricity - 10002647,"£11,999.87","£12,491.67","98,262","90,434"
Primary School - Colton  ,Electricity - 10012113,"£9,241.59","£8,843.30","80,315","76,025"
Primary School - Corpus Christi Roman Catholic  ,Electricity - 10008642,"£7,421.10","£9,096.79","67,540","85,071"
Primary School - Cross Gates  ,Electricity - 10012156,"£10,526.33","£9,863.12","83,599","70,021"
Primary School - Crossley Street   ,Electricity - 10002407,"£11,162.26","£10,573.79","96,430","84,657"
Primary School - Deighton Gates  ,Electricity - 10008483,"£3,712.50","£1,502.99","19,124","11,482"
Primary School - Deighton Gates  ,Electricity - 10140792,"£3,881.11","£1,669.28","28,684","12,564"
Primary School - Deighton Gates  ,Electricity - 10008485,"£2,426.98","£2,258.92","17,501","17,191"
Primary School - Deighton Gates  ,Electricity - 10009021,"£1,316.95","£1,539.48","14,614","18,017"
Primary School - Deighton Gates  ,Electricity - 10140790,£402.84,£80.16,"5,037",966
Primary School - Drighlington   ,Electricity - 10140920,"£1,959.37","£1,974.10","14,234","14,817"
Primary School - Drighlington   ,Electricity - 10012064,"£12,275.25","£12,011.08","86,676","86,755"
Primary School - Ebor Gardens  ,Electricity - S45839836,"£21,689.60",,"159,302",
Primary School - Farsley Farfield  ,Electricity - 10007637,"£5,304.49","£8,514.62","38,483","64,535"
Primary School - Farsley Farfield  ,Electricity - 10140722,"£1,842.15","£1,871.58","13,136","13,970"
Primary School - Farsley Farfield  ,Electricity - 10008931,£44.05,£126.50,362,"1,244"
Primary School - Farsley Farfield  ,Electricity - 10012192,"£19,376.86","£15,467.08","117,204","114,641"
Primary School - Farsley Springbank Junior  ,Electricity - 10002423,"£18,933.99","£15,254.49","150,474","119,860"
Primary School - Farsley Westroyd Primary and Nursery  ,Electricity - 10127440,"£6,990.45","£7,075.54","51,044","51,855"
Primary School - Farsley Westroyd Primary and Nursery  ,Electricity - 10007554,"£1,253.88","£2,993.01","10,741","23,277"
Primary School - Fieldhead Carr  ,Electricity - 10012126,"£10,039.16","£9,802.88","79,904","72,224"
Primary School - Fountain  ,Electricity - 10140758,"£4,645.61","£2,522.71","34,909","19,324"
Primary School - Fountain  ,Electricity - 10012147,"£10,220.59","£9,949.02","80,124","70,753"
Primary School - Gildersome  ,Electricity - 10002616,"£15,939.47","£16,376.31","129,719","124,192"
Primary School - Gledhow  ,Electricity - 10012065,"£22,147.42","£27,383.85","164,657","216,669"
Primary School - Grange Farm  ,Electricity - 10012116,"£17,314.74","£15,861.41","140,267","117,202"
Primary School - Great Preston Church of England  ,Electricity - 10002421,"£13,742.33","£12,152.06","128,207","113,474"
Primary School - Greenhill  ,Electricity - 10002595,"£18,937.98","£18,844.76","155,383","142,270"
Primary School - Greenmount  ,Electricity - 10012169,"£12,425.27","£11,541.68","101,573","86,714"
Primary School - Greenside   ,Electricity - 10002408,"£13,879.30","£12,574.92","118,055","100,795"
Primary School - Grimes Dyke  ,Electricity - 10008573,"£7,667.71","£6,566.11","58,031","50,747"
Primary School - Grimes Dyke  ,Electricity - 10008574,"£9,921.20","£8,520.91","75,886","65,411"
Primary School - Guiseley Infant  ,Electricity - 10007544,"£14,241.39","£10,771.56","104,883","83,325"
Primary School - Guiseley Infant  ,Electricity - 10124622,,"£7,048.65",,"37,184"
Primary School - Harehills   ,Electricity - 10002414,"£21,276.22","£20,749.34","184,960","160,847"
Primary School - Harewood Church of England  ,Electricity - 10008754,"£4,043.25","£3,702.26","36,446","34,169"
Primary School - Hawksworth Church of England  ,Electricity - 10007553,"£5,936.31","£3,879.30","43,522","35,938"
Primary School - Hawksworth Wood  ,Electricity - 10012088,"£12,915.49","£11,875.44","93,053","87,886"
Primary School - Highfield  ,Electricity - 10140913,"£1,797.99",£793.87,"13,339","6,036"
Primary School - Highfield  ,Electricity - 10002848,"£16,695.21","£16,056.05","130,763","120,864"
Primary School - Hollybush  ,Electricity - 10002425,"£19,783.79","£19,626.06","169,001","149,584"
Primary School - Hollybush  ,Electricity - 10140805,"£2,499.79",£841.81,"17,698","6,289"
Primary School - Holy Family Catholic Primary and Nursery  ,Electricity - 10007751,"£1,750.76","£5,683.82","15,686","52,789"
Primary School - Holy Name Roman Catholic  ,Electricity - 10008976,"£2,618.64",,"20,108",
Primary School - Holy Rosary and St Annes Roman Catholic Primary and Nursery  ,Electricity - 10008369,"£11,659.63","£7,334.18","102,846","68,284"
Primary School - Holy Rosary and St Annes Roman Catholic Primary and Nursery  ,Electricity - 10008368,£125.46,£187.28,621,"1,282"
Primary School - Holy Trinity Church of England  ,Electricity - 10008015,"£13,202.89","£11,236.40","112,542","104,746"
Primary School - Horsforth Featherbank Infants  ,Electricity - 10007481,"£6,191.90","£5,521.51","45,410","42,567"
Primary School - Horsforth Newlaithes Junior  ,Electricity - 10002597,"£13,791.19","£13,729.18","106,873","97,281"
Primary School - Horsforth Newlaithes Junior  ,Electricity - 10007475,£73.56,£98.27,295,464
Primary School - Hovingham  ,Electricity - 10003088,"£17,697.94","£18,232.40","148,488","128,102"
Primary School - Hugh Gaitskell   ,Electricity - 10002382,"£25,536.51","£22,163.03","239,524","202,439"
Primary School - Hunslet Carr  ,Electricity - 10012252,"£14,537.50","£12,912.07","117,764","97,039"
Primary School - Hunslet Carr  ,Electricity - 10140778,"£1,312.54","£1,399.41","10,197","10,550"
Primary School - Hunslet Carr  ,Electricity - 10008672,£201.44,£389.82,"1,467","3,075"
Primary School - Hunslet Moor  ,Electricity - 10012078,"£9,174.34","£7,363.10","65,788","53,468"
Primary School - Hunslet Moor  ,Electricity - 10008764,£142.17,£227.37,930,"1,543"
Primary School - Hunslet St Marys Church of England  ,Electricity - 10012168,"£9,267.81","£8,564.49","80,225","77,184"
Primary School - Hunslet St Marys Church of England  ,Electricity - 10009429,£842.37,"£1,709.12","5,544","11,810"
Primary School - Immaculate Heart of Mary Roman Catholic  ,Electricity - 10008294,"£3,075.30","£2,537.23","25,610","23,402"
Primary School - Immaculate Heart of Mary Roman Catholic  ,Electricity - 10008295,"£10,665.39","£8,507.24","94,308","79,702"
Primary School - Ingram Road  ,Electricity - 10009069,"£13,349.86","£12,958.80","106,037","102,078"
Primary School - Ireland Wood  ,Electricity - 10002981,"£18,754.91","£17,325.09","173,798","159,573"
Primary School - Iveson  ,Electricity - 10140755,"£8,886.06","£8,991.85","77,017","78,232"
Primary School - Kerr Mackie  ,Electricity - 10012108,"£17,315.11","£14,561.51","137,969","106,535"
Primary School - Kippax Greenfield  ,Electricity - 10008612,"£7,631.14","£2,992.69","69,224","27,660"
Primary School - Kippax North Junior and Infant  ,Electricity - 10009042,"£3,164.80","£1,144.88","28,993","10,535"
Primary School - Kippax North Junior and Infant  ,Electricity - 10009043,"£4,048.04","£1,697.59","37,786","15,943"
Primary School - Kippax North Junior and Infant  ,Electricity - 10008615,£461.00,£132.97,"3,715","1,040"
Primary School - Kippax North Junior and Infant  ,Electricity - 10009212,£990.23,£418.13,"12,976","5,754"
Primary School - Kippax North Junior and Infant  ,Electricity - 10009426,,£9.81,,5
Primary School - Kirkstall St Stephens Church of England  ,Electricity - 10007895,"£10,895.74","£9,053.06","90,498","84,484"
Primary School - Kirkstall Valley  ,Electricity - 10009075,"£9,431.86","£8,398.94","72,408","65,292"
Primary School - Lady Elizabeth Hastings Church of England - Collingham   ,Electricity - 10008482,"£5,599.08","£5,503.94","49,141","51,023"
Primary School - Lady Elizabeth Hastings Church of England - Collingham   ,Electricity - 10009020,£34.40,£14.61,0,12
Primary School - Lady Elizabeth Hastings Church of England - Ledston  ,Electricity - 10009030,"£4,650.83","£2,530.57","42,664","23,509"
Primary School - Lady Elizabeth Hastings Church of England - Thorp Arch   ,Electricity - 10008512,"£5,267.45","£4,211.56","46,246","39,068"
Primary School - Lane End  ,Electricity - 10004844,"£7,667.61","£14,851.24","70,058","119,455"
Primary School - Lawns Park  ,Electricity - 10008950,"£10,458.53","£10,196.21","82,766","78,449"
Primary School - Little London Community   ,Electricity - 10012079,"£16,722.81","£11,887.06","131,683","107,357"
Primary School - Little London Community   ,Electricity - 10004929,"£7,699.98","£14,383.79","52,960","76,132"
Primary School - Low Road  ,Electricity - 10008662,"£9,941.64","£9,350.11","75,286","72,427"
Primary School - Manston  ,Electricity - 10009045,"£11,364.50","£5,758.18","89,645","45,221"
Primary School - Meadowfield   ,Electricity - 10002419,"£18,833.91","£19,072.67","167,315","171,137"
Primary School - Meanwood Church of England  ,Electricity - 10008975,"£6,153.96","£7,299.00","56,403","68,598"
Primary School - Micklefield Church of England  ,Electricity - 10009038,"£5,098.94","£6,405.33","49,788","62,166"
Primary School - Middleton  ,Electricity - 10004107,"£24,383.24","£19,668.98","233,709","197,847"
Primary School - Middleton St Marys Church of England  ,Electricity - 10008725,"£10,374.99","£14,512.63","94,767","134,306"
Primary School - Mill Field  ,Electricity - 10002493,"£22,387.94","£24,046.77","183,065","185,136"
Primary School - Moor Allerton Hall  ,Electricity - 10008309,"£2,063.75","£3,250.49","15,022","24,412"
Primary School - Moor Allerton Hall  ,Electricity - 10012067,"£10,237.46","£9,800.48","71,977","72,722"
Primary School - Moortown  ,Electricity - 10008284,"£7,789.85","£6,931.08","57,512","53,581"
Primary School - Morley Victoria  ,Electricity - 10008225,"£9,701.86","£16,294.08","71,783","124,977"
Primary School - Morley Victoria  ,Electricity - 10008996,"£3,389.70","£4,330.20","26,521","34,313"
Primary School - New Bewerley Community  ,Electricity - 10008903,"£28,392.19","£17,949.99","210,495","138,909"
Primary School - Ninelands  ,Electricity - 10008579,"£11,119.89","£9,602.33","101,483","89,364"
Primary School - Ninelands  ,Electricity - 10008577,£523.85,£407.63,"4,311","3,355"
Primary School - Ninelands  ,Electricity - 10008578,"£3,685.17","£4,750.49","31,632","44,101"
Primary School - Otley All Saints Church of England  ,Electricity - 10007588,"£2,585.97","£1,211.44","15,232","11,117"
Primary School - Otley All Saints Church of England  ,Electricity - 10007589,"£3,559.19","£3,321.26","31,000","30,621"
Primary School - Oulton  ,Electricity - 10002627,"£14,640.37","£15,970.91","119,977","122,128"
Primary School - Our Lady of Good Counsel Roman Catholic  ,Electricity - 10008515,"£6,755.33","£5,994.68","59,387","55,619"
Primary School - Our Lady of Good Counsel Roman Catholic  ,Electricity - 10008517,"£2,453.60","£2,146.33","21,268","19,621"
Primary School - Park Spring  ,Electricity - 10008953,"£16,124.63","£16,595.55","124,802","128,992"
Primary School - Parklands  ,Electricity - 10012157,"£23,966.83","£21,614.98","197,941","165,256"
Primary School - Pool-in-Wharfedale Church of England  ,Electricity - 10007609,"£3,068.86","£1,432.36","26,119","13,015"
Primary School - Pool-in-Wharfedale Church of England  ,Electricity - 10007610,"£5,735.20","£5,024.92","50,200","46,114"
Primary School - Primrose Lane  ,Electricity - 10008510,"£1,021.42","£1,094.67","8,515","9,253"
Primary School - Primrose Lane  ,Electricity - 10008509,"£7,695.68","£6,513.49","57,164","49,828"
Primary School - Primrose Lane  ,Electricity - 10009025,£34.40,£22.87,0,0
Primary School - Pudsey Lowtown  ,Electricity - 10007622,"£9,046.63","£5,944.49","65,546","46,217"
Primary School - Pudsey Primrose Hill   ,Electricity - 10002422,"£21,020.78","£18,975.62","174,868","145,436"
Primary School - Quarry Mount  ,Electricity - 10140754,"£4,359.07","£9,545.73","32,381","74,161"
Primary School - Queensway  ,Electricity - 10002471,"£9,929.46","£10,113.38","77,724","70,950"
Primary School - Rawdon St Peters Church of England  ,Electricity - 10007500,"£2,011.03","£1,731.99","17,319","15,734"
Primary School - Rawdon St Peters Church of England  ,Electricity - 10007499,"£3,596.69","£3,085.34","32,093","28,087"
Primary School - Rawdon St Peters Church of England  ,Electricity - 10007501,"£9,325.77","£5,691.28","81,959","52,931"
Primary School - Raynville  ,Electricity - 10012185,"£17,971.19","£14,379.02","132,656","108,933"
Primary School - Richmond Hill  ,Electricity - 10002733,"£28,488.60","£51,979.08","235,620","425,297"
Primary School - Robin Hood  ,Electricity - 10012063,"£15,722.94","£13,981.93","115,728","104,040"
Primary School - Rosebank  ,Electricity - 10008835,"£16,827.21","£13,841.49","126,605","107,419"
Primary School - Rothwell Haigh Road Infant  ,Electricity - 10140916,"£6,931.04","£5,910.07","50,860","45,719"
Primary School - Rothwell St Marys Catholic  ,Electricity - 10008150,"£5,334.99","£4,580.60","47,115","42,488"
Primary School - Rothwell Victoria Junior  ,Electricity - 10008153,"£5,747.18","£4,619.79","42,338","35,518"
Primary School - Rothwell Victoria Junior  ,Electricity - 10008155,"£2,262.12","£2,250.35","16,617","17,006"
Primary School - Rothwell Victoria Junior  ,Electricity - 10008154,£40.14,£22.06,0,0
Primary School - Roundhay Campus  ,Electricity - 10002879,"£25,655.74","£27,765.71","207,126","215,648"
Primary School - Roundhay St Johns Church of England Primary and Nursery  ,Electricity - 10009019,,"£5,388.25",,"50,989"
Primary School - Sacred Heart Catholic  ,Electricity - 10007919,"£7,666.38","£5,668.80","62,443","50,927"
Primary School - Scholes (Elmet)  ,Electricity - 10002418,"£12,714.54","£12,159.52","111,109","88,265"
Primary School - Seacroft Grange  ,Electricity - 10012155,"£12,243.24","£11,250.39","98,484","82,122"
Primary School - Seven Hills  ,Electricity - 10012180,"£13,108.83","£13,130.84","105,769","100,523"
Primary School - Shadwell  ,Electricity - 10008243,"£12,128.33","£9,818.55","89,668","76,141"
Primary School - Shadwell  ,Electricity - 10008242,£646.65,£448.76,"5,351","3,805"
Primary School - Sharp Lane  ,Electricity - 10008704,"£17,016.91","£25,210.00","129,321","194,654"
Primary School - Shire Oak Church of England  ,Electricity - 10012129,"£10,541.59","£8,504.28","92,629","75,108"
Primary School - Southroyd  ,Electricity - 10008923,"£18,355.13","£16,225.84","140,461","127,121"
Primary School - St Anthonys Roman Catholic  ,Electricity - 10008745,"£7,041.56","£6,312.53","63,832","58,596"
Primary School - St Augustines Roman Catholic Primary & Nursery  ,Electricity - 10012160,"£14,946.96","£12,931.23","130,518","112,758"
Primary School - St Bartholomews Church of England  ,Electricity - 10012173,"£16,315.20","£21,905.96","150,942","167,788"
Primary School - St Edwards Catholic  ,Electricity - 10008504,"£4,303.35","£3,825.53","37,757","35,493"
Primary School - St Edwards Catholic  ,Electricity - 10008505,"£1,302.80","£1,042.80","11,080","9,327"
Primary School - St Francis Roman Catholic - Morley  ,Electricity - 10008226,"£3,033.84","£2,556.79","26,486","23,454"
Primary School - St Francis Roman Catholic - Morley  ,Electricity - 10008997,"£5,141.95","£3,181.67","45,623","26,484"
Primary School - St Francis Roman Catholic - Morley  ,Electricity - 10008913,"£1,770.26","£1,665.35","20,789","20,373"
Primary School - St Josephs Catholic - Hunslet  ,Electricity - 10012210,"£9,675.76","£10,181.73","78,711","74,088"
Primary School - St Josephs Catholic - Wetherby  ,Electricity - 10008486,"£3,696.55","£6,003.94","32,134","55,745"
Primary School - St Marys Church of England  ,Electricity - 10008513,"£5,017.79","£4,803.89","44,088","44,494"
Primary School - St Matthews Church of England  ,Electricity - 10008084,"£11,229.37","£9,320.29","99,320","86,674"
Primary School - St Matthews Church of England  ,Electricity - 10115875,,£151.81,,982
Primary School - St Nicholas Roman Catholic  ,Electricity - 10009012,"£7,186.62","£2,427.61","65,816","22,521"
Primary School - St Oswalds Church of England Junior  ,Electricity - 10003084,"£11,926.76","£11,257.34","105,844","100,021"
Primary School - St Oswalds Church of England Junior  ,Electricity - 10007542,£53.52,£13.38,0,0
Primary School - St Patricks Roman Catholic  ,Electricity - 10009003,"£7,144.95","£7,146.57","66,663","67,046"
Primary School - St Pauls Catholic  ,Electricity - 10008241,"£7,956.05","£7,313.91","70,230","67,981"
Primary School - St Pauls Catholic  ,Electricity - 10008999,£25.80,£37.34,0,0
Primary School - St Peters Church of England  ,Electricity - 10012161,"£12,728.16","£9,959.33","111,423","87,273"
Primary School - St Philips Catholic Primary and Nursery  ,Electricity - 10008726,"£4,560.83","£5,541.94","41,068","51,091"
Primary School - St Theresas Roman Catholic  ,Electricity - 10009046,"£11,961.48","£13,503.32","111,130","126,284"
Primary School - St Urbans Roman Catholic  ,Electricity - 10008038,"£7,028.92","£7,673.25","59,210","71,333"
Primary School - Stanningley  ,Electricity - 10008955,"£6,704.90","£3,067.87","52,461","23,484"
Primary School - Strawberry Fields  ,Electricity - 10002420,"£10,084.46","£9,083.89","96,247","85,063"
Primary School - Summerfield  ,Electricity - 10012235,"£10,651.33","£13,014.31","88,553","103,515"
Primary School - Summerfield  ,Electricity - 10007380,£533.92,£920.72,"4,378","7,957"
Primary School - Swarcliffe  ,Electricity - 10012119,"£15,884.76","£13,006.72","129,454","94,297"
Primary School - Swillington  ,Electricity - 10002665,"£14,162.64","£4,608.85","133,217","44,116"
Primary School - Swinnow  ,Electricity - 10140756,"£12,100.70","£6,544.21","93,475","51,000"
Primary School - Talbot  ,Electricity - 10008292,"£7,479.59","£3,000.23","55,229","23,248"
Primary School - Talbot  ,Electricity - 10002489,"£7,585.29","£9,962.02","55,919","75,207"
Primary School - Templenewsam Halton  ,Electricity - 10002417,"£17,957.26","£15,891.71","166,348","144,615"
Primary School - The Whartons - Otley   ,Electricity - 10007557,"£2,844.75","£1,787.27","20,526","13,711"
Primary School - The Whartons - Otley   ,Electricity - 10008926,"£7,240.53","£8,672.46","55,061","86,744"
Primary School - Thorner Church of England  ,Electricity - 10008639,"£8,027.08","£5,351.27","72,839","49,506"
Primary School - Thorner Church of England  ,Electricity - 10008640,"£2,210.05",£970.42,"19,691","8,778"
Primary School - Thorner Church of England  ,Electricity - 10169462,£704.15,"£5,728.98","9,273","58,429"
Primary School - Thorpe  ,Electricity - 10008176,"£4,896.90","£12,584.87","35,695","96,619"
Primary School - Tranmere Park  ,Electricity - 10007550,"£3,430.51","£3,117.52","24,924","23,779"
Primary School - Tranmere Park  ,Electricity - 10007551,"£7,233.84","£6,051.37","53,859","45,923"
Primary School - Tranmere Park  ,Electricity - 10008922,£280.93,£157.23,"3,209","1,834"
Primary School - Tranmere Park  ,Electricity - 10007549,£312.74,£313.52,"2,395","2,515"
Primary School - Tyersal  ,Electricity - 10140713,"£2,278.01",£808.39,"16,346","6,173"
Primary School - Tyersal  ,Electricity - 10008925,"£11,293.43","£9,451.51","85,785","69,603"
Primary School - Valley View Community  ,Electricity - 10012179,"£13,763.46","£13,593.70","109,319","100,067"
Primary School - Victoria  ,Electricity - S45839668,"£17,057.87",,"136,578",
Primary School - Waterloo   ,Electricity - 10002424,"£16,775.21","£16,357.21","133,618","120,731"
Primary School - Weetwood  ,Electricity - 10012070,"£10,608.68","£9,417.67","77,111","70,057"
Primary School - West End  ,Electricity - 10008916,"£9,006.72","£8,107.50","70,949","63,744"
Primary School - West End  ,Electricity - 10140413,£667.76,£323.00,"8,098","3,583"
Primary School - Westbrook Lane  ,Electricity - 10007408,£209.79,£210.92,"1,514","1,511"
Primary School - Westbrook Lane  ,Electricity - 10008914,"£11,205.55","£8,439.31","88,380","67,345"
Primary School - Westerton  ,Electricity - S45839473,"£14,424.16",,"113,885",
Primary School - Westerton  ,Electricity - S36831395,£548.51,,"4,487",
Primary School - Westgate  ,Electricity - 10140715,"£1,166.77",£555.62,"9,298","4,524"
Primary School - Westgate  ,Electricity - 10140716,"£6,912.03","£2,097.37","50,772","16,114"
Primary School - Westwood  ,Electricity - 10009063,"£10,828.29","£10,391.64","92,512","96,841"
Primary School - Wetherby St James Church of England Primary and Nursery  ,Electricity - 10008499,£700.21,£637.86,"5,748","5,538"
Primary School - Wetherby St James Church of England Primary and Nursery  ,Electricity - 10008500,"£2,429.06","£1,933.39","20,073","18,067"
Primary School - Wetherby St James Church of England Primary and Nursery  ,Electricity - 10009023,£974.79,£561.63,"12,251","6,920"
Primary School - Whingate  ,Electricity - 10012201,"£18,064.46","£15,371.74","140,027","115,787"
Primary School - Whinmoor St Pauls Church of England  ,Electricity - 10009026,£34.40,£22.87,0,0
Primary School - Whinmoor St Pauls Church of England  ,Electricity - 10008519,"£6,850.84","£6,486.61","60,425","60,468"
Primary School - Whinmoor St Pauls Church of England  ,Electricity - 10008518,£190.66,£261.18,"1,213","2,025"
Primary School - White Laithe  ,Electricity - 10008576,"£11,572.86","£9,586.51","88,992","73,283"
Primary School - Whitecote  ,Electricity - 10012096,"£15,738.39","£13,422.20","122,170","101,021"
Primary School - Whitecote  ,Electricity - 10007860,£537.94,£498.75,"4,627","4,172"
Primary School - Whitkirk  ,Electricity - 10002395,"£17,653.22","£17,073.11","162,287","154,285"
Primary School - Wigton Moor  ,Electricity - 10008244,"£4,913.30",,"35,815",
Primary School - Wigton Moor  ,Electricity - 10008245,"£1,850.03",,"13,347",
Primary School - Wigton Moor  ,Electricity - 10005771,"£2,016.70","£16,581.41","18,160","103,878"
Primary School - Windmill  ,Electricity - 10002485,"£28,542.79","£27,572.21","240,906","219,444"
Primary School - Woodlesford  ,Electricity - 10140919,£913.57,£659.87,"7,743","5,496"
Primary School - Woodlesford  ,Electricity - 10008168,£416.06,£353.91,"3,319","2,893"
Primary School - Woodlesford  ,Electricity - 10004524,"£13,460.10","£16,096.04","102,726","102,428"
Primary School - Wykebeck  ,Electricity - 10012109,"£15,091.95","£13,794.84","120,645","101,261"
Primary School - Yeadon Westfield Infants  ,Electricity - 10008918,£498.49,£581.88,"6,566","7,349"
Primary School - Yeadon Westfield Infants  ,Electricity - 10140420,"£4,089.19","£1,699.89","29,703","13,179"
Primary School - Yeadon Westfield Infants  ,Electricity - 10140710,"£1,414.84",£722.93,"11,512","5,500"
Primary School - Yeadon Westfield Infants  ,Electricity - 10007516,"£5,414.71","£4,981.43","39,469","38,338"
Primary School - Yeadon Westfield Juniors  ,Electricity - 10008919,"£2,257.54","£2,117.69","16,602","16,568"
Primary School - Yeadon Westfield Juniors  ,Electricity - 10008920,"£8,338.43","£7,694.27","63,581","60,117"
Schools - PFI Primary School - Cookridge  ,Electricity - 10005083,"£6,893.44","£19,751.23","63,973","167,319"
Schools - PFI Primary School - East Ardsley  ,Electricity - 10005084,"£8,955.31","£20,416.99","75,348","149,746"
Schools - PFI Primary School - Kippax Ash Tree  ,Electricity - 10131611,"£8,343.86","£17,819.01","68,267","133,864"
Schools - PFI Primary School - Lower Wortley  ,Electricity - 10005077,"£9,986.00","£23,903.75","82,439","174,432"
Schools - PFI Primary School - Methley  ,Electricity - 10005078,"£10,099.47","£24,608.79","84,730","179,001"
Schools - PFI Primary School - Pudsey Bolton Royd  ,Electricity - 10005079,"£9,755.21","£25,607.65","78,602","185,253"
Schools - PFI Primary School - Rawdon Littlemoor  ,Electricity - 10005076,"£8,711.60","£22,026.91","68,092","157,088"
Schools - PFI Primary School - Rothwell Primary & Nursery  ,Electricity - 10005081,"£9,387.36","£22,088.66","76,597","160,808"
Schools - PFI Primary School - Rufford Park  ,Electricity - 10005080,"£8,095.88","£21,345.70","64,827","150,265"
Schools - PFI Primary School - St Margarets Church of England  ,Electricity - 10005082,"-£1,203.67","£44,878.22","86,068","151,821"
Secondary School - Benton Park High  ,Electricity - 10002371,"£78,944.73","£75,445.10","675,443","582,090"
Secondary School - Boston Spa  ,Electricity - 10002528,"£77,758.15","£68,202.53","689,665","561,283"
Secondary School - Brigshaw High and Language College  ,Electricity - 10002372,"£94,689.71","£32,375.09","899,328","315,748"
Secondary School - Bruntcliffe High  ,Electricity - S36831579,£335.89,,"2,629",
Secondary School - Bruntcliffe High  ,Electricity - S19636301,"£27,948.06",,"222,214",
Secondary School - Bruntcliffe High  ,Electricity - S36882436,£874.34,,"5,527",
Secondary School - Cockburn High and South Leeds City Learning Centre  ,Electricity - S14033404,"£99,641.31",,"974,062",
Secondary School - Corpus Christi Roman Catholic College  ,Electricity - 10002637,"£58,526.17","£47,347.05","557,045","419,087"
Secondary School - Education Business Partnership - Swallow Crescent  ,Electricity - 10007806,£498.46,£112.73,"3,852",958
Secondary School - Guiseley   ,Electricity - 10002381,"£59,726.72","£58,932.02","520,657","464,762"
Secondary School - Leeds West City Learning Centre  ,Electricity - 10002399,"£8,333.91","£7,936.52","68,035","61,362"
Secondary School - Mount St Marys Roman Catholic High  ,Electricity - 10002664,"£56,859.18","£52,977.70","533,856","495,891"
Secondary School - North East City Learning Centre  ,Electricity - 10002403,"£10,186.90","£10,885.55","86,078","83,441"
Secondary School - Priesthorpe Sports Specialist College  ,Electricity - 10002477,"£84,934.38","£76,661.95","801,413","692,425"
Secondary School - Roundhay Secondary  ,Electricity - 10140051,,£102.76,,0
Secondary School - Royds Specialist Language College  ,Electricity - 10002389,"£53,674.04","£44,393.86","515,474","405,657"
Secondary School - Royds Specialist Language College  ,Electricity - 10008902,£236.74,£384.50,"1,620","3,186"
Secondary School - Temple Moor Science College  ,Electricity - 10002392,"£135,603.74","£119,392.41","1,282,079","1,129,384"
Secondary School - Temple Moor Science College  ,Electricity - 10008636,£308.01,£364.86,"2,321","2,997"
Secondary School - Temple Moor Science College - Educational Alternative Provision Centre  ,Electricity - 10008637,"£2,458.10","£2,298.40","21,966","21,063"
Secondary School - Wetherby High  ,Electricity - 10002394,"£51,425.36","£43,776.19","479,792","399,380"
Secondary School - Wetherby High  ,Electricity - 10012240,"£3,552.56","£2,976.33","27,754","22,167"
Specialist Inclusive Learning Centre - Broomfield Special School  ,Electricity - 10009057,"£7,851.35","£12,095.98","61,354","94,037"
Specialist Inclusive Learning Centre - Broomfield Special School  ,Electricity - 10008702,£275.87,£422.13,"2,140","3,372"
Specialist Inclusive Learning Centre - Broomfield Special School  ,Electricity - 10013923,"£4,575.55","£9,287.00","37,812","61,796"
Specialist Inclusive Learning Centre - East - John Jamieson School Centre (with pool)  ,Electricity - 10002433,"£32,207.99","£35,962.08","267,930","278,994"
Specialist Inclusive Learning Centre - Elmete Wood BESD   ,Electricity - 10002404,"£20,635.65","£6,661.30","178,740","53,740"
Specialist Inclusive Learning Centre - Elmete Wood BESD School - Stonegate  ,Electricity - 10008086,"£12,682.82","£2,957.80","93,553","23,324"
Specialist Inclusive Learning Centre - Grafton School  ,Electricity - 10008027,"£5,123.38","£4,122.45","36,325","31,639"
Specialist Inclusive Learning Centre - North East - West Oaks School - Boston Spa  ,Electricity - 10008506,"£9,703.85","£7,828.74","71,766","60,466"
Specialist Inclusive Learning Centre - North East - West Oaks School - Boston Spa  ,Electricity - 10008507,"£9,321.93","£9,557.31","69,778","73,371"
Specialist Inclusive Learning Centre - North East - West Oaks School - Oakwood Lane  ,Electricity - 10008460,"£11,231.89","£1,895.70","82,981","14,657"
Specialist Inclusive Learning Centre - North West - Green Meadows School (with pool) - Bradford Road  ,Electricity - 10007552,"£1,872.39","£1,586.98","13,782","12,235"
Specialist Inclusive Learning Centre - North West - Green Meadows School (with pool) - Bradford Road  ,Electricity - 10008933,"£11,190.69","£9,799.70","86,911","77,919"
Specialist Inclusive Learning Centre - North West - Green Meadows School - Back Lane  ,Electricity - 10007545,"£1,872.14","£4,639.83","13,731","35,770"
Specialist Inclusive Learning Centre - North West - Green Meadows School - Back Lane  ,Electricity - 10007546,"£5,362.68","£4,101.13","39,094","31,580"
Specialist Inclusive Learning Centre - North West - Green Meadows School - Back Lane  ,Electricity - 10140711,£245.10,£63.74,"1,459",720
Specialist Inclusive Learning Centre - North West - Penny Field School (with pool)   ,Electricity - 10012134,"£12,173.38","£10,962.73","98,665","80,830"
Specialist Inclusive Learning Centre - West - Milestone School (with pool)  ,Electricity - 10012256,"£33,463.56","£29,995.90","287,124","243,076"
,,,,,
