projectId,projectAcronym,fundingScheme,organizationId,title,firstName,fullName,wikiFullName,lastName
650216,OntoPerson,MSCA-IF,999598678,DR,Mariusz,Mariusz Grygianiec,http://www.wikidata.org/entity/Q63123374,Grygianiec
652745,AUTOOLIGO,MSCA-IF,999990267,MS,Petra,Petra Ménová,http://www.wikidata.org/entity/Q89870613,Menova
652755,MOLECOPS,MSCA-IF,99998435,DR,Julien,Julien Brachet,,Brachet
652757,ARCGATE,MSCA-IF,999497507,DR,Takamasa,Takamasa Tsubouchi,http://www.wikidata.org/entity/Q59833423,Tsubouchi
652782,FOSICAV,MSCA-IF,999844864,DR,Thomas,Thomas Dedieu,,Dedieu
652837,ISOTOP,MSCA-IF,999905101,DR,Benno,Benno Rem,,Rem
652856,CLEANLIB,MSCA-IF,999991722,DR,Hervé,Hervé Baudry,http://www.wikidata.org/entity/Q24342393,Baudry
652862,IMPRECSIM,MSCA-IF,999988812,DR,Darius,Darius Markauskas,http://www.wikidata.org/entity/Q59913986,Markauskas
652871,FIBERSTAR,MSCA-IF,999899572,DR,Daniele,Daniele Tosi,http://www.wikidata.org/entity/Q57560967,Tosi
652890,EMTECS,MSCA-IF,999974262,DR,Yahui,Yahui Wang,http://www.wikidata.org/entity/Q43137476,Wang
652925,MIGRANTCHRISTIANITY,MSCA-IF,999902385,DR,Francesca,Francesca Scrinzi,http://www.wikidata.org/entity/Q89113592,Scrinzi
652938,TELE,MSCA-IF,999838074,DR,Eleftherios,Eleftherios Giovanis,http://www.wikidata.org/entity/Q88017445,Giovanis
652965,Bio-Strategies,MSCA-IF,999642037,DR,Araceli,Araceli Pérez-Sanz,http://www.wikidata.org/entity/Q60655695,Perez-Sanz
652978,LIAGAN,MSCA-IF,909875521,PROF,Atinati,Atinati Mamatsashvili-Kobakhidze,,Mamatsashvili-Kobakhidze
652978,LIAGAN,MSCA-IF,998096051,PROF,Atinati,Atinati Mamatsashvili-Kobakhidze,,Mamatsashvili-Kobakhidze
652986,STEMCELLTRACK,MSCA-IF,99998435,DR,Christakis,Christakis Constantinides,,Constantinides
652999,COMBPDCHEMOTHERAPY,MSCA-IF,903730668,DR,Marta Erminia,Marta Erminia Alberto,,Alberto
652999,COMBPDCHEMOTHERAPY,MSCA-IF,997732592,DR,Marta Erminia,Marta Erminia Alberto,,Alberto
653019,CEREBSENSING,MSCA-IF,999882015,DR,Jesus,Jesus Garrido,,Garrido
653040,CONFAM,MSCA-IF,999841275,DR,Mariano,Mariano Croce,,Croce
653056,EMEHOC,MSCA-IF,99997562,DR,María José,María José Frápolli,http://www.wikidata.org/entity/Q40339840,Frápolli
653066,PGE-PLANETS,MSCA-IF,99986601,DR,Amy,Amy J.V. Riches,http://www.wikidata.org/entity/Q58481011,Riches
653184,MPerS,MSCA-IF,99998435,DR,Pabitra Kumar,Pabitra Kumar Nayak,,Nayak
653188,GLASS,MSCA-IF,999994826,DR,Anna,Anna Hodgkinson,http://www.wikidata.org/entity/Q91736988,Hodgkinson
653216,MICEXPRESS,MSCA-IF,999974941,DR,Noelia,Noelia Ibáñez-Escriche,http://www.wikidata.org/entity/Q81049582,Ibáñez
653223,USIFlux,MSCA-IF,999993274,DR,Teresa,Teresa E Gimeno,http://www.wikidata.org/entity/Q56556460,Gimeno
653240,STRESSAGED,MSCA-IF,999990267,DR,Antonios,Antonios Zannas,,Zannas
653241,OMNICS,MSCA-IF,999991043,DR,Yi,Yi Yang,http://www.wikidata.org/entity/Q43148394,Yang
653284,GelSwimming,MSCA-IF,99998435,DR,Andreas,Andreas Zöttl,http://www.wikidata.org/entity/Q42326432,Zoettl
653285,METACLOAK,MSCA-IF,999993468,DR,Andrea,Andrea Colombi,http://www.wikidata.org/entity/Q58523216,Colombi
653354,CERAM,MSCA-IF,999978336,DR,Miriam,Miriam Cubas,http://www.wikidata.org/entity/Q60141770,Cubas
653412,Flex-ON,MSCA-IF,999977754,MR,Fernando,Fernando P Guiomar,http://www.wikidata.org/entity/Q83318514,Guiomar
653413,INNOVATIONOPTIONS,MSCA-IF,998096827,PROF,Lenos,Lenos Trigeorgis,http://www.wikidata.org/entity/Q15485423,Trigeorgis
653413,INNOVATIONOPTIONS,MSCA-IF,999981052,PROF,Lenos,Lenos Trigeorgis,http://www.wikidata.org/entity/Q15485423,Trigeorgis
653434,MitSyn,MSCA-IF,99997562,DR,Nicoletta,Nicoletta Plotegher,http://www.wikidata.org/entity/Q55030167,Plotegher
653443,FUDOGE,MSCA-IF,999994826,DR,Maiko,Maiko Favaro,,Favaro
653508,Phil-Threats,MSCA-IF,999991722,DR,Eberhard,Eberhard Crailsheim,,Crailsheim
653639,KMET-READ,MSCA-IF,999974747,DR,Agnieszka,Agnieszka Rawluszko-Wieczorek,http://www.wikidata.org/entity/Q59867002,Rawłuszko-Wieczorek
653667,REAPPAST,MSCA-IF,967062453,DR,Francesca,Francesca Romagnoli,,Romagnoli
653697,CP-FunMoD,MSCA-IF,999841954,DR,Jodie,Jodie Davies-Thompson,http://www.wikidata.org/entity/Q57164115,Davies-Thompson
653697,CP-FunMoD,MSCA-IF,999976978,DR,Jodie,Jodie Davies-Thompson,http://www.wikidata.org/entity/Q57164115,Davies-Thompson
653750,CIP,MSCA-IF,99987862,DR,Sibylle,Sibylle Petersen,http://www.wikidata.org/entity/Q37838675,Petersen
653784,OrganoMag,MSCA-IF,99990384,DR,Fu-Sheng,Fu-Sheng Guo,http://www.wikidata.org/entity/Q89021889,Guo
653846,Fractional,MSCA-IF,99946734,DR,Adolfo,Adolfo González Grushin,,González Grushin
653846,Fractional,MSCA-IF,99998435,DR,Adolfo,Adolfo González Grushin,,González Grushin
653846,Fractional,MSCA-IF,99999793,DR,Adolfo,Adolfo González Grushin,,González Grushin
653943,Moments,MSCA-IF,999861451,DR,Zoltan,Zoltan Leka,,Leka
653950,URBANCO2FLUX,MSCA-IF,99946734,DR,Gara,Gara Villalba Mendez,http://www.wikidata.org/entity/Q58461581,Villalba
653950,URBANCO2FLUX,MSCA-IF,999986484,DR,Gara,Gara Villalba Mendez,http://www.wikidata.org/entity/Q58461581,Villalba
653957,DEVOLEMPA,MSCA-IF,999994535,DR,Sonja,Sonja E Koski,http://www.wikidata.org/entity/Q46507688,Koski
653963,Aggregation selection,MSCA-IF,906446474,DR,Greet,Greet De Baets,http://www.wikidata.org/entity/Q91845086,De Baets
653963,Aggregation selection,MSCA-IF,99999017,DR,Greet,Greet De Baets,http://www.wikidata.org/entity/Q91845086,De Baets
653997,PRDM9Recomb,MSCA-IF,999977172,DR,Ericca,Ericca L Stamper,http://www.wikidata.org/entity/Q55446269,Stamper
654006,SalHyd5,MSCA-IF,999975523,DR,Marta,Marta Albareda Contreras,,Albareda Contreras
654019,OTULINVIVO,MSCA-IF,906446474,DR,Rune Busk,Rune Busk Damgaard,http://www.wikidata.org/entity/Q55296479,Damgaard
654019,OTULINVIVO,MSCA-IF,99999017,DR,Rune Busk,Rune Busk Damgaard,http://www.wikidata.org/entity/Q55296479,Damgaard
654020,STRATNARRA,MSCA-IF,955856431,DR,Joanna,Joanna Szostek,,Szostek
654020,STRATNARRA,MSCA-IF,999861451,DR,Joanna,Joanna Szostek,,Szostek
654034,SCIMOD,MSCA-IF,999861063,DR,Fiora,Fiora Salis,,Salis
654038,DecoMP_ECoG,MSCA-IF,999466467,DR,Jessica,Jessica Schrouff,http://www.wikidata.org/entity/Q58208884,Schrouff
654038,DecoMP_ECoG,MSCA-IF,99997562,DR,Jessica,Jessica Schrouff,http://www.wikidata.org/entity/Q58208884,Schrouff
654091,CO2NOR,MSCA-IF,999835843,DR,Ioannis,Ioannis Rigopoulos,http://www.wikidata.org/entity/Q57911302,Rigopoulos
654101,EntreLab,MSCA-IF,999994535,DR,Daniele,Daniele Morselli,,Morselli
654123,GRENHAS,MSCA-IF,999980373,DR,Ayca,Ayca Ozcelikkale,,Ozcelikkale
654132,VULCAN,MSCA-IF,936777695,DR,César,César Plaza,http://www.wikidata.org/entity/Q55195272,Plaza
654132,VULCAN,MSCA-IF,999886283,DR,César,César Plaza,http://www.wikidata.org/entity/Q55195272,Plaza
654135,BIOCONT6SS,MSCA-IF,999993468,DR,Patricia,Patricia Bernal,http://www.wikidata.org/entity/Q43130254,Bernal
654147,Invisibilia,MSCA-IF,999991043,DR,Astrid,Astrid Marner,,Marner
654154,KGBVIFEF,MSCA-IF,99998435,MR,Benjamin,Benjamin Vollmer,http://www.wikidata.org/entity/Q42416140,Vollmer
654155,LIMB NETWORKS,MSCA-IF,936821248,DR,Borja,Borja Esteve-Altava,,Esteve-Altava
654155,LIMB NETWORKS,MSCA-IF,99984079,DR,Borja,Borja Esteve-Altava,,Esteve-Altava
654173,PWP,MSCA-IF,999978724,DR,Christopher,Christopher Brittain,,Brittain
654175,HNSKMAP,MSCA-IF,999851169,DR,Tao,Tao Xiong,,Xiong
654175,HNSKMAP,MSCA-IF,999902579,DR,Tao,Tao Xiong,,Xiong
654189,METRES,MSCA-IF,968815728,DR,Jaume,Jaume Freire-González,http://www.wikidata.org/entity/Q85641920,Freire-gonzález
654189,METRES,MSCA-IF,992204077,DR,Jaume,Jaume Freire-González,http://www.wikidata.org/entity/Q85641920,Freire-gonzález
654198,NONNH,MSCA-IF,99999793,DR,Wahidur,Wahidur Rahaman,,Rahaman
654260,FLUNOVELTY,MSCA-IF,97511646,DR,Pavel,Pavel Mykhailiuk,,Mykhailiuk
654261,ToEfDeCo,MSCA-IF,999975911,DR,Anneli,Anneli Soo,,Soo
654294,TentaclesOfVenom,MSCA-IF,999975038,DR,Kartik,Kartik Sunagar,http://www.wikidata.org/entity/Q47502996,Sunagar
654318,FLOWLASER,MSCA-IF,999974165,MR,Takahiro,Takahiro Ukai,,Ukai
654339,QUTEMAG,MSCA-IF,999619436,DR,RICARDO,RICARDO Jimenez Martinez,,Jimenez Martinez
654386,FUTURES,MSCA-IF,999994535,DR,Arthur,Arthur Mason,,Mason
654424,SustBracedMHaz,MSCA-IF,999976784,DR,Christoforos,Christoforos Dimopoulos,,Dimopoulos
654426,EQRESFRAME,MSCA-IF,999976784,DR,Fabio,Fabio Freddi,,Freddi
654467,HierTough,MSCA-IF,999993468,MR,Yentl,Yentl Swolfs,http://www.wikidata.org/entity/Q60026711,Swolfs
654469,ARTE,MSCA-IF,99947316,DR,Deung-Jang,Deung-Jang Choi,,Choi
654477,GETUI,MSCA-IF,9343202,DR,Dimitra,Dimitra Anastasiou,http://www.wikidata.org/entity/Q62591654,Anastasiou
654490,GREAT,MSCA-IF,99998435,DR,Marina,Marina Logares,http://www.wikidata.org/entity/Q67456575,Logares
654492,UACSURF,MSCA-IF,999984156,MR,Felix,Felix Pithan,http://www.wikidata.org/entity/Q88167685,Pithan
654495,MUIMME,MSCA-IF,999883858,DR,Tanya,Tanya Cassidy,http://www.wikidata.org/entity/Q57953996,Cassidy
654496,NanoCytox,MSCA-IF,999507692,DR,Ana,Ana Lopez-serrano,,Lopez-serrano
654513,G-Valve,MSCA-IF,93696248,DR,Sandra,Sandra Loerakker,http://www.wikidata.org/entity/Q47313419,Loerakker
654513,G-Valve,MSCA-IF,999977269,DR,Sandra,Sandra Loerakker,http://www.wikidata.org/entity/Q47313419,Loerakker
654521,MOSUDO,MSCA-IF,99999793,DR,Randy,Randy Mellaerts,,Mellaerts
654532,NANO-Q,MSCA-IF,999866883,DR,James,James Millen,http://www.wikidata.org/entity/Q58222166,Millen
654534,PREDICTIVEMEMORY,MSCA-IF,999886574,DR,Iiro,Iiro Jaaskelainen,,Jaaskelainen
654603,FLYELEC,MSCA-IF,99999793,DR,Shintaro,Shintaro Takada,http://www.wikidata.org/entity/Q59424190,TAKADA
654606,NANOGRANITES,MSCA-IF,999849132,DR,Antonio,Antonio Acosta-vigil,,Acosta-vigil
654606,NANOGRANITES,MSCA-IF,999995602,DR,Antonio,Antonio Acosta-vigil,,Acosta-vigil
654609,germcells,MSCA-IF,999976978,DR,Priscila,Priscila Ramos-Ibeas,http://www.wikidata.org/entity/Q56872832,Ramos ibeas
654615,EVOPRIMPOL,MSCA-IF,999991722,DR,Rubén,Rubén Agudo torres,,Agudo torres
654682,HOLES,MSCA-IF,999993468,DR,Jaime,Jaime Martin,http://www.wikidata.org/entity/Q57941752,Martín
654688,ActiDoC,MSCA-IF,999974941,DR,Nikolaos Nektarios,Nikolaos Nektarios Koumakis,,Koumakis
654691,RESCUE THE HEART,MSCA-IF,99997562,DR,Svetlana,Svetlana Mastitskaya,http://www.wikidata.org/entity/Q89488139,Mastitskaya
654699,OPSINEVOL,MSCA-IF,99997562,DR,Natasha,Natasha I. Bloch,http://www.wikidata.org/entity/Q58662627,Bloch
654712,SINHOPSI,MSCA-IF,999977172,DR,Alessandro,Alessandro Rossi,http://www.wikidata.org/entity/Q47305077,Rossi
654719,lincPeptEvolDev,MSCA-IF,999979306,DR,Miriam,Miriam I Rosenberg,http://www.wikidata.org/entity/Q92522596,Rosenberg
654721,GEOGRAL,MSCA-IF,999487807,DR,Giovanni,Giovanni Moreno Ramirez,http://www.wikidata.org/entity/Q2413009,Moreno
654723,Solarfuels,MSCA-IF,99998435,DR,Jindui,Jindui Hong,http://www.wikidata.org/entity/Q58488265,Hong
654724,GROUPCOG,MSCA-IF,99998435,DR,Takao,Takao Sasaki,,Sasaki
654731,ARD-West,MSCA-IF,99998629,DR,Maria-Jose,Maria-Jose Estaran,,Estaran
654732,NICHE,MSCA-IF,99946734,PROF,Susi,Susi Geiger,http://www.wikidata.org/entity/Q90320139,Geiger
654732,NICHE,MSCA-IF,999974359,PROF,Susi,Susi Geiger,http://www.wikidata.org/entity/Q90320139,Geiger
654733,FOC4SIP,MSCA-IF,999896953,DR,Petro,Petro Lutsyk,http://www.wikidata.org/entity/Q59195713,Lutsyk
654734,SIW-SAT-ANTENNAS,MSCA-IF,999638739,DR,Christos,Christos Kalialakis,http://www.wikidata.org/entity/Q58087836,Kalialakis
654736,EPOCH GeoChem,MSCA-IF,999977172,DR,Argyroula,Argyroula Nafplioti,,Nafplioti
654740,TRYP-QS,MSCA-IF,999974941,DR,Mathieu,Mathieu Cayla,http://www.wikidata.org/entity/Q90658162,Cayla
654761,BIOXYARN,MSCA-IF,999875031,DR,Pierre-Alexis,Pierre-Alexis Mouthuy,http://www.wikidata.org/entity/Q88417487,Mouthuy
654786,HOLOFRENPOSTMOD,MSCA-IF,999861451,DR,Agnieszka Helena,Agnieszka Helena Duffy,,Duffy
654795,FAANon,MSCA-IF,999853012,DR,Matteo,Matteo Dalla Riva,,Dalla Riva
654796,SAAB,MSCA-IF,992204077,DR,Fiona,Fiona Smyth,http://www.wikidata.org/entity/Q61836829,Smyth
654796,SAAB,MSCA-IF,999845446,DR,Fiona,Fiona Smyth,http://www.wikidata.org/entity/Q61836829,Smyth
654808,PSYCHOCONTEXT,MSCA-IF,996383904,DR,Francisco Jose,Francisco Jose Eiroa-Orosa,,Eiroa-Orosa
654808,PSYCHOCONTEXT,MSCA-IF,999986387,DR,Francisco Jose,Francisco Jose Eiroa-Orosa,,Eiroa-Orosa
654809,HSPACE,MSCA-IF,999896953,DR,Filipe,Filipe Ferreira,http://www.wikidata.org/entity/Q61115742,Ferreira
654812,HoogsCG,MSCA-IF,999977172,DR,Guillem,Guillem Portella,http://www.wikidata.org/entity/Q41047555,Portella
654818,ELECTRONANOMEGA,MSCA-IF,999990655,DR,Pedro Jesús,Pedro Jesús García Moreno,http://www.wikidata.org/entity/Q58139999,GARCÍA MORENO
654825,ICELANDIC SCRIBES,MSCA-IF,999991043,DR,Sheryl,Sheryl Mcdonald werronen,,Mcdonald werronen
654836,Bioelectroammonia,MSCA-IF,97531434,DR,Ross,Ross D Milton,http://www.wikidata.org/entity/Q84328536,Milton
654836,Bioelectroammonia,MSCA-IF,999978045,DR,Ross,Ross D Milton,http://www.wikidata.org/entity/Q84328536,Milton
654837,EACISD,MSCA-IF,992204077,DR,Ella,Ella Striem-Amit,http://www.wikidata.org/entity/Q30505767,Striem Amit
654837,EACISD,MSCA-IF,999846222,DR,Ella,Ella Striem-Amit,http://www.wikidata.org/entity/Q30505767,Striem Amit
654852,Chinese Labour,MSCA-IF,999849132,DR,Ivan,Ivan Franceschini,http://www.wikidata.org/entity/Q656961,Franceschini
654852,Chinese Labour,MSCA-IF,999897341,DR,Ivan,Ivan Franceschini,http://www.wikidata.org/entity/Q656961,Franceschini
654853,Egg-Juvenate,MSCA-IF,999975038,DR,Yonatan,Yonatan B Tzur,http://www.wikidata.org/entity/Q90858566,Tzur
654857,VirtualPatients,MSCA-IF,996946019,DR,Inga,Inga Hege,http://www.wikidata.org/entity/Q89526673,Hege
654857,VirtualPatients,MSCA-IF,999978433,DR,Inga,Inga Hege,http://www.wikidata.org/entity/Q89526673,Hege
654860,TRANSLATIS,MSCA-IF,999991043,MS,Sabine,Sabine Walther,,Walther
654861,DAM-NET,MSCA-IF,99990384,DR,Filippo,Filippo Menga,http://www.wikidata.org/entity/Q64866014,Menga
654862,WITHDRAWAL AFTERMATH,MSCA-IF,999839335,DR,Yuri,Yuri Peers,,Peers
654882,TIPPDECRA,MSCA-IF,999985417,DR,Rachel,Rachel Spiering,http://www.wikidata.org/entity/Q91284115,Spiering
654889,ITNUN,MSCA-IF,999897341,DR,Veronica,Veronica West-Harling,,West-Harling
654895,E-SPACE,MSCA-IF,999892588,DR,Unai,Unai Díaz-Orueta,http://www.wikidata.org/entity/Q60299822,Diaz Orueta
654906,ALHIS,MSCA-IF,999991722,DR,María Leticia,María Leticia López-Mondéjar,,López-Mondéjar
654908,PFCCMS,MSCA-IF,999974941,DR,Benno,Benno Liebchen,http://www.wikidata.org/entity/Q85919242,Liebchen
654909,T6SS-PSEUDO-LIP,MSCA-IF,999993468,DR,Laurent,Laurent Dortet,http://www.wikidata.org/entity/Q42704898,Dortet
654911,THALAMODEL,MSCA-IF,996120064,DR,Juan Eugenio,Juan Eugenio Iglesias González,,Iglesias González
654912,Pharmcophore-DOS,MSCA-IF,999977172,DR,Qingzhong,Qingzhong Hu,http://www.wikidata.org/entity/Q42124336,Hu
654915,ALifeInSOFCs,MSCA-IF,999993468,DR,Antonio,Antonio Bertei,,Bertei
654916,HydroCat,MSCA-IF,999974941,DR,Joost,Joost de Graaf,http://www.wikidata.org/entity/Q89925249,de Graaf
654917,BiBiCrossLang,MSCA-IF,996120064,DR,Marcel,Marcel R Giezen,http://www.wikidata.org/entity/Q50688482,Giezen
654921,Phonetic Processing,MSCA-IF,996120064,DR,Olessia,Olessia Jouravlev,http://www.wikidata.org/entity/Q99552842,Jouravlev
654923,StrategicVillages,MSCA-IF,954347111,DR,Pamela,Pamela Colombo,http://www.wikidata.org/entity/Q74030007,Colombo
654923,StrategicVillages,MSCA-IF,999510117,DR,Pamela,Pamela Colombo,http://www.wikidata.org/entity/Q74030007,Colombo
654924,NANOLIPID,MSCA-IF,999991334,DR,Laura,Laura Salvia-Trujillo,http://www.wikidata.org/entity/Q59560375,Salvia Trujillo
654925,EUP,MSCA-IF,999850781,DR,Tania,Tania Bazzani,,Bazzani
654927,PALMOBI,MSCA-IF,999977172,DR,Luc,Luc Moreau,http://www.wikidata.org/entity/Q85526288,Moreau
654933,3Dconvert,MSCA-IF,999544455,MR,Ralph,Ralph Stadhouders,http://www.wikidata.org/entity/Q57360776,Stadhouders
654936,AntWatFre,MSCA-IF,999624092,DR,Konrad,Konrad Meister,http://www.wikidata.org/entity/Q89119227,Meister
654942,COGNAC,MSCA-IF,99999793,DR,Paolo,Paolo Davini,,Davini
654963,ENSUR4LIFE,MSCA-IF,996491962,DR,Stefania Carmen,Stefania Carmen Bobaru,,Bobaru
654967,NMOSPEC,MSCA-IF,99984467,MR,Petr,Petr Štěpánek,http://www.wikidata.org/entity/Q42290764,Stepanek
654971,EXPMFSG,MSCA-IF,99999793,DR,Beatriz,Beatriz Seoane Bartolomé,,Seoane Bartolomé
654981,GUIDES,MSCA-IF,998266092,MR,Stijn,Stijn Van de Velde,http://www.wikidata.org/entity/Q56285655,Van de Velde
654981,GUIDES,MSCA-IF,999478883,MR,Stijn,Stijn Van de Velde,http://www.wikidata.org/entity/Q56285655,Van de Velde
654985,Brain Metastases,MSCA-IF,99998435,DR,Vasiliki,Vasiliki Economopoulos,,Economopoulos
654987,PADWIC,MSCA-IF,999979694,DR,Roberto,Roberto Quaglia,http://www.wikidata.org/entity/Q3939084,Quaglia
654990,CLOPRESS,MSCA-IF,999997833,DR,Yusuke,Yusuke KUMAI,,KUMAI
654994,CAT-CAM,MSCA-IF,990867805,DR,Valentina,Valentina Ciciliot,,Ciciliot
654994,CAT-CAM,MSCA-IF,999897341,DR,Valentina,Valentina Ciciliot,,Ciciliot
655009,KOPAR,MSCA-IF,999974844,DR,Alexander,Alexander García-Castro,,García-Castro
655016,EPINET,MSCA-IF,999896953,DR,Lucia,Lucia Rita Quitadamo,http://www.wikidata.org/entity/Q51300771,Quitadamo
655020,DTI4micro,MSCA-IF,99998435,DR,Ernesto,Ernesto Zacur,http://www.wikidata.org/entity/Q64514548,Zacur
655023,BREAKING THE MOULD,MSCA-IF,999974359,DR,Barry,Barry Molloy,http://www.wikidata.org/entity/Q92083144,Molloy
655026,MENTAL IMAGERY,MSCA-IF,999977172,DR,Fritz,Fritz Renner,http://www.wikidata.org/entity/Q48459149,Renner
655026,MENTAL IMAGERY,MSCA-IF,99999017,DR,Fritz,Fritz Renner,http://www.wikidata.org/entity/Q48459149,Renner
655027,AutophagosomeSealing,MSCA-IF,999914801,DR,Rubén,Rubén Gómez-Sánchez,http://www.wikidata.org/entity/Q41789860,Gómez Sánchez
655033,JUNO,MSCA-IF,999993468,DR,Giacomo,Giacomo Tarroni,http://www.wikidata.org/entity/Q89686406,Tarroni
655034,EXPRESSIONARRATION,MSCA-IF,999992013,DR,Marianne,Marianne Vergez-Couret,,Vergez-Couret
655035,RhomBioID,MSCA-IF,99998435,DR,Kyojiro,Kyojiro N Ikeda,http://www.wikidata.org/entity/Q60167724,Ikeda
655039,NANOSOLAR,MSCA-IF,999619436,DR,Oscar,Oscar Vazquez-Mena,http://www.wikidata.org/entity/Q60410769,Vazquez Mena
655043,FeSensor,MSCA-IF,999985611,DR,Jorge,Jorge Rodríguez-Celma,http://www.wikidata.org/entity/Q38803968,Rodriguez-Celma
655059,PHOEBUS,MSCA-IF,999515355,DR,Margherita,Margherita Maiuri,http://www.wikidata.org/entity/Q57579624,Maiuri
655059,PHOEBUS,MSCA-IF,999879881,DR,Margherita,Margherita Maiuri,http://www.wikidata.org/entity/Q57579624,Maiuri
655063,ELiQSIR,MSCA-IF,999974068,DR,Bruno,Bruno Peaudecerf,http://www.wikidata.org/entity/Q49221536,Peaudecerf
655067,SHARE,MSCA-IF,999991043,DR,Thomas,Thomas Szanto,,Szanto
655073,ClumpLab,MSCA-IF,999985805,DR,Martin,Martin Ziegler,http://www.wikidata.org/entity/Q85264539,Ziegler
655075,FAST-RAP,MSCA-IF,999572294,DR,Maria,Maria W. Górna,http://www.wikidata.org/entity/Q55267303,Górna
655092,DebtRisks,MSCA-IF,997927853,PROF,Stavros,Stauros Andrea Zenios,http://www.wikidata.org/entity/Q30079623,Zenios
655092,DebtRisks,MSCA-IF,999835843,PROF,Stavros,Stauros Andrea Zenios,http://www.wikidata.org/entity/Q30079623,Zenios
655100,AdaptClim,MSCA-IF,999979694,DR,Natalia,Natalia Sevane,http://www.wikidata.org/entity/Q58022428,Sevane
655109,DaRe,MSCA-IF,99990772,DR,Antonia,Antonia Wachter-Zeh,http://www.wikidata.org/entity/Q44286894,Wachter-Zeh
655119,MycoTest,MSCA-IF,968362253,DR,Michalina,Michalina Oplatowska-Stachowiak,,Oplatowska-Stachowiak
655134,SOS-Nano,MSCA-IF,999864555,DR,Seta,Seta Noventa,,Noventa
655135,CircaDopamine,MSCA-IF,999990849,DR,karim,Karim Fifel,http://www.wikidata.org/entity/Q57057550,FIFEL
655137,AUDICON,MSCA-IF,999991334,DR,Bertrand,Bertrand Fontaine,,Fontaine
655138,FACADE FIRE,MSCA-IF,999976784,DR,Fei,Fei Tang,http://www.wikidata.org/entity/Q89752797,Tang
655142,CONSORT,MSCA-IF,999845446,DR,Mikhail,Michael Filatov,http://www.wikidata.org/entity/Q59682677,Filatov
655143,EMOTIONS FIRST,MSCA-IF,999974941,DR,laura,laura Candiotto,,Candiotto
655150,BARREN,MSCA-IF,999991043,DR,Ângela,Angela Ribeiro,http://www.wikidata.org/entity/Q39624525,Ribeiro
655153,IgEPath,MSCA-IF,999989976,DR,Philipp,Philipp Starkl,http://www.wikidata.org/entity/Q43100919,Starkl
655157,ICaRO,MSCA-IF,999997833,DR,Arin,Arin Marchesi,http://www.wikidata.org/entity/Q57503095,Marchesi
655159,MicroCity,MSCA-IF,999991334,MRS,Shinjini,Shinjini Mukherjee,http://www.wikidata.org/entity/Q87396468,Mukherjee
655161,Q-METAPP,MSCA-IF,999619436,MR,Jan,Jan Kołodyński,http://www.wikidata.org/entity/Q84993360,Kolodynski
655162,STROMINGER,MSCA-IF,999991722,DR,Mario,Mario García,http://www.wikidata.org/entity/Q89032548,Garcia Fernandez
655170,IILSCFLP,MSCA-IF,999993468,DR,Cameron,Cameron C Weber,http://www.wikidata.org/entity/Q59554987,Weber
655172,WOODSofCHANGE,MSCA-IF,99998435,DR,Ana,Ana Milhinhos,http://www.wikidata.org/entity/Q57403910,Milhinhos
655176,BlaC E-assay,MSCA-IF,999842924,DR,Sunil,Sunil K. Arya,http://www.wikidata.org/entity/Q39274068,Arya
655177,MUSAL,MSCA-IF,999862324,PROF,Vladyslav,Vladyslav Danishevs'kyy,,Danishevs'kyy
655178,HerbivoreAssociatedOrganisms,MSCA-IF,999981634,DR,Antonino,Antonino Cusumano,http://www.wikidata.org/entity/Q30509385,Cusumano
655179,TeraClear,MSCA-IF,999861451,DR,Konstantin,Konstantin Lekomtzev,http://www.wikidata.org/entity/Q22283670,Lekomtsev
655194,CANCER-TECH,MSCA-IF,999892588,DR,Komal,Komal Bagga,,Bagga
655204,EasyEBC,MSCA-IF,999902579,DR,Paul,Paul Kotyczka,,Kotyczka
655209,ILDS,MSCA-IF,955310127,PROF,Yonghui,Yonghui Xia,,Xia
655212,UBPDS,MSCA-IF,955310127,DR,Yilei,Yilei Tang,,Tang
655222,Walgo,MSCA-IF,999991043,DR,Jean-Yves,Jean-Yves Moyen,,Moyen
655226,BIHC,MSCA-IF,999580539,DR,Rui,Rui Azevedo Antunes,http://www.wikidata.org/entity/Q57530210,Antunes
655226,BIHC,MSCA-IF,99997465,DR,Rui,Rui Azevedo Antunes,http://www.wikidata.org/entity/Q57530210,Antunes
655227,InnoMarket,MSCA-IF,998706666,DR,Benedikte,Benedikte Borgström,,Borgström
655232,ReprObesity,MSCA-IF,999872703,DR,Juan Manuel,Juan Manuel Castellano-Rodriguez,,Castellano-Rodriguez
655235,SmartMass,MSCA-IF,999851169,DR,Ramón,Ramón Escobedo,http://www.wikidata.org/entity/Q47149011,Escobedo
655238,Human Rpc5,MSCA-IF,999460841,DR,Guillermo,Guillermo Abascal-Palacios,http://www.wikidata.org/entity/Q84548235,Abascal Palacios
655239,HAP4MARBLE,MSCA-IF,999515355,DR,Enrico,Enrico Sassoni,,Sassoni
655239,HAP4MARBLE,MSCA-IF,999993953,DR,Enrico,Enrico Sassoni,,Sassoni
655240,Terra-Micro-Carbo,MSCA-IF,906446474,DR,Ashish,Ashish Malik,http://www.wikidata.org/entity/Q60023542,Malik
655240,Terra-Micro-Carbo,MSCA-IF,9999892,DR,Ashish,Ashish Malik,http://www.wikidata.org/entity/Q60023542,Malik
655249,3DNCPM,MSCA-IF,999974747,DR,Ioanna,Ioanna Sakellari,http://www.wikidata.org/entity/Q60032766,Sakellari
655262,CITISEX,MSCA-IF,954530344,DR,Wouter,Wouter Halfwerk,http://www.wikidata.org/entity/Q59095222,Halfwerk
655265,PmSust,MSCA-IF,999985417,DR,Luca,Luca Sabini,,Sabini
655271,EpiNKT,MSCA-IF,99945861,DR,Michail,Michail Verykokakis,,Verykokakis
655272,HISTORIC,MSCA-IF,999984059,MR,romain,romain Cariou,,Cariou
655274,PEDIGREE,MSCA-IF,991657094,DR,Dennis,Dennis Badeen,,Badeen
655278,GenoSpec,MSCA-IF,999907235,DR,Noppol,Noppol Kobmoo,http://www.wikidata.org/entity/Q90566331,Kobmoo
655279,ResolvedJetsHIC,MSCA-IF,999988133,DR,Konrad,Konrad Tywoniuk,http://www.wikidata.org/entity/Q53593307,Tywoniuk
655282,HiDDaProTImA,MSCA-IF,999977172,DR,Francesco,Francesco Renna,,Renna
655283,3DWISE,MSCA-IF,999597417,DR,Milena,Milena Marjanovic,http://www.wikidata.org/entity/Q60730262,Marjanovic
655285,IMFDforHIC,MSCA-IF,999978724,DR,Harri,Harri Niemi,,Niemi
655292,MOTOR SIMULATION,MSCA-IF,99946734,DR,Anat,Anat Perry,,Perry
655292,MOTOR SIMULATION,MSCA-IF,999975038,DR,Anat,Anat Perry,,Perry
655295,NLRs,MSCA-IF,999990267,MS,Rui,Rui Wu,,Wu
655297,STOPAPCG1IMP,MSCA-IF,999977172,DR,Torcato José,Torcato José Martins,,Martins
655310,LDMRD,MSCA-IF,999974262,DR,Tuomas,Tuomas Sahlsten,,Sahlsten
655316,GLOBAL INHERITANCES,MSCA-IF,999510117,DR,Alessandro,Alessandro Buono,,Buono
655324,GOFAR,MSCA-IF,950038953,PROF,Ehud,Ehud Behar,,Behar
655324,GOFAR,MSCA-IF,99990772,PROF,Ehud,Ehud Behar,,Behar
655331,PALEO-AGRI,MSCA-IF,999978336,DR,charline,Charline Giguet-Covex,http://www.wikidata.org/entity/Q58226473,Giguet-covex
655334,HyLITE,MSCA-IF,999992013,DR,Leila,Leila Moura,http://www.wikidata.org/entity/Q59544066,Moura
655339,DPETNA,MSCA-IF,99965552,DR,Javier,Javier García-Serrano,http://www.wikidata.org/entity/Q58291331,Garcia Serrano
655341,LARP4MOT,MSCA-IF,999981052,DR,Isabel,Isabel Cruz-Gallardo,http://www.wikidata.org/entity/Q56811361,Cruz Gallardo
655350,NPCChr,MSCA-IF,999974941,MRS,Charlene,Charlene Lemaitre,,Lemaitre
655360,BHstabNL,MSCA-IF,999986387,DR,Helvi,Helvi Witek,,Witek
655366,PLICO,MSCA-IF,999898311,DR,Noemi,Noemi Ruiz-Lopez,http://www.wikidata.org/entity/Q42391813,Ruiz lopez
655367,TUNEMODE,MSCA-IF,999896953,DR,Mohd Zamani Bin,Mohd Zamani Bin Zulkifli,,Zulkifli
655369,SEQOO,MSCA-IF,992204077,DR,Jan,Jan Gieseler,http://www.wikidata.org/entity/Q59257937,Gieseler
655369,SEQOO,MSCA-IF,999619436,DR,Jan,Jan Gieseler,http://www.wikidata.org/entity/Q59257937,Gieseler
655374,ACCESS2WM,MSCA-IF,99998435,DR,Frederik (Freek),Frederik (Freek) van Ede,,van Ede
655379,Art and Brain,MSCA-IF,999866883,DR,Matthew,Matthew Pelowski,,Pelowski
655392,SexDiff,MSCA-IF,99997562,DR,Rebecca,Rebecca Dean,,Dean
655394,ResMet,MSCA-IF,99995622,DR,Anna,Anna Kołda,http://www.wikidata.org/entity/Q9155322,Dudek
655396,COPAST,MSCA-IF,99998435,DR,Charlotte,Charlotte Ribeyrol,http://www.wikidata.org/entity/Q64022188,Ribeyrol
655398,ARBUATEM,MSCA-IF,999907526,DR,Blaise-Pascal,Blaise Bougnom,http://www.wikidata.org/entity/Q58417614,Bougnom
655406,ROOT BARRIERS,MSCA-IF,999462587,DR,Concepcion,Concepcion Manzano,,Manzano
655406,ROOT BARRIERS,MSCA-IF,99946734,DR,Concepcion,Concepcion Manzano,,Manzano
655417,GATTACA,MSCA-IF,99999308,DR,Maxime,Maxime Rotival,http://www.wikidata.org/entity/Q37620894,Rotival
655421,HYDIN,MSCA-IF,999994535,DR,Anselm,Anselm Loges,,Loges
655423,NIBSAD,MSCA-IF,999615168,DR,Jesús,Jesús Cespón,,Cespón
655424,Inflammafish,MSCA-IF,999974553,MRS,Mónica,Monica Varela,http://www.wikidata.org/entity/Q61476434,Varela
655429,PoetEleg,MSCA-IF,999847677,DR,Anna,Anna Ananieva,,Ananieva
655444,ATMCinsituNMR,MSCA-IF,999977172,DR,Oliver,Oliver Pecher,,Pecher
655457,Metabolic cost of walking,MSCA-IF,954530344,DR,Dinant,Dinant Kistemaker,,Kistemaker
655459,PleisTechnoVar,MSCA-IF,999977172,DR,Alice,Alice Leplongeon,,Leplongeon
655474,FluoroCAT,MSCA-IF,999993468,DR,Olga,Olga Ekkert,,Ekkert
655475,JELLYPACTS,MSCA-IF,999991722,DR,Ana,Ana Ruiz-Frau,http://www.wikidata.org/entity/Q90963436,Ruiz Frau
655478,NeoGenHeritage,MSCA-IF,999839626,DR,Gloria,Gloria Gonzalez Fortes,http://www.wikidata.org/entity/Q58824419,Gonzalez Fortes
655480,MuMoSiSt,MSCA-IF,999850781,DR,alessandro,alessandro Spila,,Spila
655487,GENOMIC FOOTPRINT,MSCA-IF,99946734,DR,Ben,Ben Wielstra,http://www.wikidata.org/entity/Q21391698,Wielstra
655487,GENOMIC FOOTPRINT,MSCA-IF,999976881,DR,Ben,Ben Wielstra,http://www.wikidata.org/entity/Q21391698,Wielstra
655489,Next-COMM,MSCA-IF,999705087,DR,Christos,Christos Verzyrtzis,,Verzyrtzis
655492,Digiseal,MSCA-IF,999981052,DR,Alessio,Alessio Sopracasa,,Sopracasa
655497,NNL,MSCA-IF,999991043,DR,Joseph,Joseph Bull,,Bull
655502,CARDI-ACHE,MSCA-IF,998079949,DR,Thijs,Thijs Eijsvogels,,Eijsvogels
655508,COMMANDEER,MSCA-IF,999975717,DR,VYDYULA PAVAN,VYDYULA PAVAN Kumar,,Kumar
655515,UFOX,MSCA-IF,9999795,DR,Wojciech,Wojciech Brzezicki,,Brzezicki
655516,Bump-BET,MSCA-IF,999975523,DR,Kwok-Ho,Kwok-Ho Chan,,Chan
655524,FDtoQG,MSCA-IF,999976978,DR,Antonin,Antonin Coutant,http://www.wikidata.org/entity/Q53125114,Coutant
655527,Leucophyl,MSCA-IF,94973544,DR,Nitin,Nitin DANGE,,DANGE
655534,SmartCloudsODC,MSCA-IF,997848313,DR,Giorgio,Giorgio Mingotti,,Mingotti
655537,RAVE,MSCA-IF,9999795,DR,Ester,Ester Eckert,,Eckert
655541,HISTHEOL,MSCA-IF,999978336,DR,Stefan,Stefan Bauer,http://www.wikidata.org/entity/Q59548758,Bauer
655542,MeaSuRe,MSCA-IF,999981634,DR,Emilie,Emilie Wientjes,http://www.wikidata.org/entity/Q42131426,Wientjes
655545,FLAVODRINKS,MSCA-IF,999993274,DR,Maria del Carmen,Maria del Carmen Barba Gonzalez-Albo,,Barba Gonzalez-Albo
655559,SSAR,MSCA-IF,999991043,DR,Qing,Qing Liu,,Liu
655560,CHENGEN,MSCA-IF,99999793,DR,Orly,Orly Razgour,http://www.wikidata.org/entity/Q57307291,Razgour
655565,SMARTLAW,MSCA-IF,998403929,PROF,Jonathan,Jonathan Verschuuren,http://www.wikidata.org/entity/Q58211538,Verschuuren
655565,SMARTLAW,MSCA-IF,999899475,PROF,Jonathan,Jonathan Verschuuren,http://www.wikidata.org/entity/Q58211538,Verschuuren
655577,LOVe,MSCA-IF,999841954,DR,Gemma,Gemma Boleda Torrent,,Boleda Torrent
655598,ESATM,MSCA-IF,999882209,DR,Tamas,Tamas Roszer,,Roszer
655601,Baltic Mikrorayon,MSCA-IF,999895013,DR,Daniel,Daniel Hess,,Hess
655604,SYNPT,MSCA-IF,99992712,DR,Marijn,Marijn Kuijpers,,Kuijpers
655605,STOP-Beta,MSCA-IF,99998435,DR,Damian,Damian M Herz,http://www.wikidata.org/entity/Q88670230,Herz
655609,ADRIA,MSCA-IF,999902385,DR,Borut,Borut Klabjan,http://www.wikidata.org/entity/Q65946052,Klabjan
655621,MUGNAIO,MSCA-IF,999847677,DR,Michele,Michele Coscia,http://www.wikidata.org/entity/Q87643007,Coscia
655623,RncRNAA,MSCA-IF,999990267,DR,Paul,Paul Esser,http://www.wikidata.org/entity/Q71083,Essers
655628,NanoLAPS,MSCA-IF,999984059,DR,Harry,Harry Nizard,,Nizard
655645,SAPFLUXNET,MSCA-IF,999986096,DR,Rafael,Rafael Poyatos,http://www.wikidata.org/entity/Q42628506,Poyatos
655649,DendroBAP,MSCA-IF,999990946,DR,Sandra,Sandra García-Gallego,http://www.wikidata.org/entity/Q83142103,García-Gallego
655653,KinCoop,MSCA-IF,999841469,DR,Rubén,Rubén Torices,http://www.wikidata.org/entity/Q56435556,Torices
655653,KinCoop,MSCA-IF,999991722,DR,Rubén,Rubén Torices,http://www.wikidata.org/entity/Q56435556,Torices
655656,DURETO,MSCA-IF,999985708,DR,Marc,Marc Galland,,Galland
655659,ULISSES,MSCA-IF,99999793,DR,Ana,Ana Ejarque,http://www.wikidata.org/entity/Q56461623,Ejarque
655660,HYBRIPORE,MSCA-IF,99998435,DR,Evan,Evan Spruijt,http://www.wikidata.org/entity/Q59692521,Spruijt
655661,DeepTrees,MSCA-IF,950110151,DR,Julia,Julia D. Sigwart,http://www.wikidata.org/entity/Q21390194,Sigwart
655661,DeepTrees,MSCA-IF,999992013,DR,Julia,Julia D. Sigwart,http://www.wikidata.org/entity/Q21390194,Sigwart
655662,ExplicitDarmonProg,MSCA-IF,999976784,DR,Marc,Marc Masdeu,,Masdeu
655667,ISOTRAPSS,MSCA-IF,999974941,DR,Jordi,Jordi Juárez-Jiménez,http://www.wikidata.org/entity/Q56065791,Juárez
655676,BCorp,MSCA-IF,988410019,DR,Martina,Martina Pasquini,,Pasquini
655677,GutILC3,MSCA-IF,99997853,DR,Viktoria,Viktoria Konya,http://www.wikidata.org/entity/Q43163486,Konya
655682,BBLOCK,MSCA-IF,999974262,DR,Alba,Alba Millan delgado,,Millan delgado
655694,GETAGRIP,MSCA-IF,99966231,DR,Anne-Claire,Anne-Claire Fabre,http://www.wikidata.org/entity/Q42893602,Fabre
655698,BioMASCE,MSCA-IF,999993468,DR,Spencer,Spencer Crowder,,Crowder
655699,Dietary biomarkers,MSCA-IF,999991043,MR,Rastislav,Rastislav Monošík,http://www.wikidata.org/entity/Q82430109,Monosik
655701,LANTERN,MSCA-IF,99776402,MRS,Ana,Ana Isabel Pérez Asenjo,http://www.wikidata.org/entity/Q85965552,Asenjo
655701,LANTERN,MSCA-IF,999619436,MRS,Ana,Ana Isabel Pérez Asenjo,http://www.wikidata.org/entity/Q85965552,Asenjo
655703,Polyphemus,MSCA-IF,999992013,MR,Jaime,Jaime Galbarro,,Galbarro
655710,CONRICONF,MSCA-IF,992204077,DR,Lorenza Belinda,Lorenza Belinda Fontana,,Fontana
655710,CONRICONF,MSCA-IF,999923337,DR,Lorenza Belinda,Lorenza Belinda Fontana,,Fontana
655710,CONRICONF,MSCA-IF,999985417,DR,Lorenza Belinda,Lorenza Belinda Fontana,,Fontana
655723,OHPF,MSCA-IF,999974262,DR,Leonid,Leonid Ivonin,,Ivonin
655726,SAT STABILIS,MSCA-IF,999987745,DR,George,George Georgiou,http://www.wikidata.org/entity/Q91521468,Georgiou
655729,WetCarb,MSCA-IF,999842827,DR,Crystele,Crystele Leauthaud-harnett,,Leauthaud-harnett
655729,WetCarb,MSCA-IF,999992401,DR,Crystele,Crystele Leauthaud-harnett,,Leauthaud-harnett
655732,WhereWolf,MSCA-IF,999991043,MR,Shyam,Shyam Gopalakrishnan,http://www.wikidata.org/entity/Q57452175,Gopalakrishnan
655748,BIBLACE,MSCA-IF,999994826,DR,Gerda,Gerda Heydemann,,Heydemann
655760,DIGIPHASE,MSCA-IF,999866883,DR,Timothy,Timothy J Pennycook,http://www.wikidata.org/entity/Q63252761,Pennycook
655761,EXTREME,MSCA-IF,999981634,DR,Mariska,Mariska Te Beest,http://www.wikidata.org/entity/Q92348788,Te Beest
655764,HQSTS,MSCA-IF,999977172,DR,Gilles,Gilles Degottex,,Degottex
655770,CONSCRISIS,MSCA-IF,99997562,DR,Serena,Serena Trucchi,,Trucchi
655771,DiverseRoots,MSCA-IF,99999211,DR,Nyncke,Nyncke Hoekstra,,Hoekstra
655777,miROMeS,MSCA-IF,999902579,DR,Casina,Casina W S Kan,http://www.wikidata.org/entity/Q85674070,Kan
655801,EMCOP9CRL,MSCA-IF,999460841,DR,Hugo,Hugo Yebenes,http://www.wikidata.org/entity/Q95989676,Yebenes
655811,NANOBIOENER,MSCA-IF,998347572,DR,Susana,Susana Velasco-Lozano,,Velasco-Lozano
655814,CheliceLand,MSCA-IF,999974262,MR,Jesus,Jesús Lozano,http://www.wikidata.org/entity/Q42323644,Lozano
655815,MultiFUNGtionality,MSCA-IF,999838559,DR,Sergio,Sergio de-Miguel,http://www.wikidata.org/entity/Q56451114,de Miguel
655817,Cdc42Adhere,MSCA-IF,999981052,DR,Mª Sofía,Mª Sofía Tirados Menéndez,,Tirados Menéndez
655833,ImagiNE,MSCA-IF,924833212,DR,Jacques,Jacques Rivière,http://www.wikidata.org/entity/Q82526955,Riviere
655833,ImagiNE,MSCA-IF,999907429,DR,Jacques,Jacques Rivière,http://www.wikidata.org/entity/Q82526955,Riviere
655841,InterAcTEV,MSCA-IF,999991722,DR,Alberto Tomás,Alberto Tomás Carbonell Olivares,,Carbonell Olivares
655844,DEMONH,MSCA-IF,990884004,DR,Guangjun,Guangjun Nan,,Nan
655852,Quokka Maturation,MSCA-IF,999984059,DR,Andreas,Andreas Fell,http://www.wikidata.org/entity/Q63955061,Fell
655854,Syncrip_2014,MSCA-IF,99998435,DR,Francesca,Francesca Robertson,http://www.wikidata.org/entity/Q90603370,Robertson
655856,b-lactams C-H activation,MSCA-IF,999977172,DR,Jaime,Jaime Cabrera-Pardo,,Cabrera-Pardo
655857,FITINV,MSCA-IF,99999793,DR,Mathieu,Mathieu Chouteau,http://www.wikidata.org/entity/Q52693433,Chouteau
655859,Voice Modulation,MSCA-IF,999852721,DR,Katarzyna,Katarzyna Pisanski,http://www.wikidata.org/entity/Q55079094,Pisanski
655864,SingMet,MSCA-IF,999975329,DR,Stefan,Stefan Glöggler,http://www.wikidata.org/entity/Q88672725,Glöggler
655866,Active implants,MSCA-IF,999977851,DR,Julia,Julia Glaum,http://www.wikidata.org/entity/Q84916060,Glaum
655881,LIB-Si anode,MSCA-IF,99998435,DR,Ya-Jun,Ya-Jun Cheng,,Cheng
655888,SYNTOH,MSCA-IF,99947316,DR,Martin,Martin Schnell,http://www.wikidata.org/entity/Q57273499,Schnell
655888,SYNTOH,MSCA-IF,999598969,DR,Martin,Martin Schnell,http://www.wikidata.org/entity/Q57273499,Schnell
655889,MYCRONICHE,MSCA-IF,999991334,DR,Karl,Karl Duffy,http://www.wikidata.org/entity/Q88227539,Duffy
655890,TiFuN,MSCA-IF,99999793,DR,Shibu,Shibu Edakkattuparambil Sidharthan,,Edakkattuparambil Sidharthan
655896,KOSNORTH,MSCA-IF,999873188,DR,Rok,Rok Zupančič,http://www.wikidata.org/entity/Q65933429,Zupancic
655905,ActIng,MSCA-IF,999455021,DR,Vincenzo,Vincenzo Di ilio,,Di ilio
655914,MICROCHANGE,MSCA-IF,999839529,DR,Peter,Peter Deines,http://www.wikidata.org/entity/Q51709676,Deines
655921,BURIAL,MSCA-IF,999823912,DR,Mario,Mario Gavranović,http://www.wikidata.org/entity/Q459184,Gavranovic
655933,AnTraQuGa,MSCA-IF,99999793,DR,Valentin,Valentin Volchkov,,Volchkov
655938,ZEPHYROS,MSCA-IF,909875521,DR,Noemi,Noemí Moncunill Martí,http://www.wikidata.org/entity/Q50825995,Moncunill Marti
655938,ZEPHYROS,MSCA-IF,998096051,DR,Noemi,Noemí Moncunill Martí,http://www.wikidata.org/entity/Q50825995,Moncunill Marti
655941,DFLOW,MSCA-IF,967270421,DR,Samuel,Samuel van Gool,,van Gool
655941,DFLOW,MSCA-IF,999985708,DR,Samuel,Samuel van Gool,,van Gool
655942,EnAct,MSCA-IF,999510117,MR,Lorenzo,Lorenzo Bartalesi,,Bartalesi
655950,EMPOWER,MSCA-IF,999900833,DR,Aleisha,Aleisha Clarke,,Clarke
655954,SLUW,MSCA-IF,999838074,DR,Federico,Federico Giusfredi,,Giusfredi
655965,DataLocAbstractions,MSCA-IF,999901512,DR,Didem,Didem Unat,http://www.wikidata.org/entity/Q98916916,Unat
655978,GDA in staphylococci,MSCA-IF,999991916,DR,Simon,Simon Heilbronner,http://www.wikidata.org/entity/Q96222259,Heilbronner
655993,FireAndRiskPrevention,MSCA-IF,999862033,DR,Jonay,Jonay Neris,http://www.wikidata.org/entity/Q58643665,Neris Tomé
656000,BeSec,MSCA-IF,999976784,DR,Silke,Silke Horstkotte,http://www.wikidata.org/entity/Q55424189,Horstkotte
656006,CO-PHY-MED,MSCA-IF,998096536,DR,Panagiotis,Panagiotis Kornilios,http://www.wikidata.org/entity/Q96083213,Kornilios
656006,CO-PHY-MED,MSCA-IF,999991722,DR,Panagiotis,Panagiotis Kornilios,http://www.wikidata.org/entity/Q96083213,Kornilios
656010,MYSTICETI,MSCA-IF,998437006,DR,Felix,Felix Marx,,Marx
656010,MYSTICETI,MSCA-IF,999880269,DR,Felix,Felix Marx,,Marx
656011,HRPCDMECH,MSCA-IF,998398982,DR,Panagiotis,Panagiotis N. Moschou,http://www.wikidata.org/entity/Q37387074,Moschou
656012,SHARS,MSCA-IF,99998435,DR,Guilhem,Guilhem Chaubet,,Chaubet
656035,DRYFUN,MSCA-IF,999886283,DR,Yoann,Yoann Le Bagousse-Pinguet,http://www.wikidata.org/entity/Q92348568,Pinguet
656044,ClauSeInTEL,MSCA-IF,999847677,DR,Christos,Christos Vlachos,http://www.wikidata.org/entity/Q90979021,Vlachos
656047,EinsteinVRH,MSCA-IF,998929669,DR,Michele,Michele Salvi,,Salvi
656067,NOVENA,MSCA-IF,999976784,MS,Joleen,Joleen Masschelein,http://www.wikidata.org/entity/Q56875942,Masschelein
656070,PLACAV,MSCA-IF,999974262,DR,Martin,Martin J How,http://www.wikidata.org/entity/Q82575111,How
656081,Turb. Bound. Layers,MSCA-IF,999975329,MS,Christina,Christina Vanderwel,http://www.wikidata.org/entity/Q87873520,Vanderwel
656082,DISAGROUP,MSCA-IF,999991043,DR,Fernando,Fernando Broncano Berrocal,,Broncano Berrocal
656086,AllergyBLOCK,MSCA-IF,99999308,DR,Laurent,Laurent Reber,,Reber
656086,AllergyBLOCK,MSCA-IF,999997833,DR,Laurent,Laurent Reber,,Reber
656089,FatherMotherland,MSCA-IF,999974941,DR,Cristina,Cristina Savettieri,,Savettieri
656093,SynOptic,MSCA-IF,9999795,DR,Hannah,Hannah M Price,http://www.wikidata.org/entity/Q59526921,Price
656094,StillNoFace,MSCA-IF,94014505,DR,Christoforos,Christoforos Nikou,,Nikou
656094,StillNoFace,MSCA-IF,999852818,DR,Christoforos,Christoforos Nikou,,Nikou
656099,fetISC,MSCA-IF,999991043,DR,Jordi,Jordi Guiu Sagarra,,Guiu Sagarra
656122,CLIMAPROX,MSCA-IF,999880075,DR,Jennifer,Jennifer Jones,http://www.wikidata.org/entity/Q96347690,Jones
656127,3F-FutureFreshFruit,MSCA-IF,999836134,DR,FRANCISCO,FRANCISCO ROMERO GASCÓN,,ROMERO GASCÓN
656127,3F-FutureFreshFruit,MSCA-IF,999991722,DR,FRANCISCO,FRANCISCO ROMERO GASCÓN,,ROMERO GASCÓN
656129,Super MagneFiQuE,MSCA-IF,996383904,DR,Gijs,Gijs de Lange,http://www.wikidata.org/entity/Q13642495,De lange
656129,Super MagneFiQuE,MSCA-IF,999977366,DR,Gijs,Gijs de Lange,http://www.wikidata.org/entity/Q13642495,De lange
656131,APE,MSCA-IF,999994535,DR,Nathan,Nathan J Stevenson,http://www.wikidata.org/entity/Q94529412,Stevenson
656132,SolHyPro,MSCA-IF,99990772,DR,Barbara,Barbara Scherrer,http://www.wikidata.org/entity/Q89485060,Scherrer
656136,NAUTILUS,MSCA-IF,999902385,DR,STELIOS,STELIOS BEKIROS,,BEKIROS
656139,ISHTAR,MSCA-IF,954530344,DR,Matteo,Matteo Realdi,,Realdi
656144,RADIOGENFF,MSCA-IF,999977172,DR,Laura,Laura Fachal,http://www.wikidata.org/entity/Q57165161,Fachal
656148,PRENET,MSCA-IF,999835843,DR,Theodora,Theodora Moutsiou,,Moutsiou
656157,Pro-Membrane,MSCA-IF,91645086,DR,Gaetano,Gaetano Angelici,http://www.wikidata.org/entity/Q57322411,Angelici
656157,Pro-Membrane,MSCA-IF,99986407,DR,Gaetano,Gaetano Angelici,http://www.wikidata.org/entity/Q57322411,Angelici
656161,AutismRigidPercept,MSCA-IF,99997562,DR,Takamitsu,Takamitsu Watanabe,http://www.wikidata.org/entity/Q48390979,Watanabe
656193,mini-liver SCCS,MSCA-IF,999977172,DR,Laura,Laura Broutier,http://www.wikidata.org/entity/Q96151364,BROUTIER
656195,ION-QNET,MSCA-IF,999869114,DR,Florian,Florian Ong,,Ong
656198,TRANSIT,MSCA-IF,999985708,DR,Beste,Beste Isleyen,,Isleyen
656203,EUROLIFE,MSCA-IF,99997562,DR,Marija,Marija Radovic,,Radovic
656205,MONASPOWER,MSCA-IF,999991043,DR,Jennifer,Jennifer Cromwell,,Cromwell
656208,NEXTNANOCELLS,MSCA-IF,999901318,DR,Enrique,Enrique Barrigon,http://www.wikidata.org/entity/Q57413355,Barrigon
656214,2DInterFOX,MSCA-IF,999866883,DR,Bernhard,Bernhard C Bayer,http://www.wikidata.org/entity/Q42926393,Bayer
656240,EBUCAI,MSCA-IF,998927923,DR,Luis Antonio Vinhas,Luis Antonio Vinhas Catão,,Catão
656243,PERFECTION,MSCA-IF,998398982,DR,Pingtao,Pingtao Ding,http://www.wikidata.org/entity/Q40666832,Ding
656244,ARSENICLOSS,MSCA-IF,996836312,DR,Marianne,Marianne Mödlinger,http://www.wikidata.org/entity/Q86600921,Mödlinger
656249,CADORS,MSCA-IF,999977172,PROF,Franck,Franck Tancret,http://www.wikidata.org/entity/Q59917968,Tancret
656259,PoreSelect,MSCA-IF,999867368,DR,Scott David,Scott David Kimmins,,Kimmins
656259,PoreSelect,MSCA-IF,999892588,DR,Scott David,Scott David Kimmins,,Kimmins
656262,QTMODEM,MSCA-IF,999867077,DR,Ignasi,Ignasi Cos,http://www.wikidata.org/entity/Q41561819,Cos
656264,LAGRANGE,MSCA-IF,967062453,DR,Fabio,Fabio Pittella Silva,http://www.wikidata.org/entity/Q56488429,Silva
656272,AlFHoNSo,MSCA-IF,999978336,DR,Peter,Peter Edwards,http://www.wikidata.org/entity/Q59587229,Edwards
656273,RContext,MSCA-IF,999985708,DR,Tamara,Tamara Dobler,,Dobler
656285,DEALS,MSCA-IF,99990384,DR,Goedele,Goedele De Clerck,,De Clerck
656294,APGAR,MSCA-IF,951414122,DR,Marion,Marion Mortamais,http://www.wikidata.org/entity/Q87961542,Mortamais
656294,APGAR,MSCA-IF,999551245,DR,Marion,Marion Mortamais,http://www.wikidata.org/entity/Q87961542,Mortamais
656298,ViGOTHIC,MSCA-IF,999981052,DR,Ainoa,Ainoa Castro Correa,http://www.wikidata.org/entity/Q64449602,Castro correa
656300,PERS-RELICT-CLIM,MSCA-IF,999876389,DR,Albert,Albert Vilà-Cabrera,,Vilà-Cabrera
656306,MecaMorphEME,MSCA-IF,99998823,DR,Hervé,Hervé Turlier,http://www.wikidata.org/entity/Q58099985,Turlier
656318,MoTOR,MSCA-IF,99998823,DR,Mai,Mai Sun,,Sun
656319,IMSTREV,MSCA-IF,999470347,DR,Maria,Maria Szente-Pasztoi,,Szente-Pasztoi
656323,BaCTher,MSCA-IF,998357951,DR,Barbara,Barbara Chirullo,http://www.wikidata.org/entity/Q55136355,Chirullo
656323,BaCTher,MSCA-IF,999978821,DR,Barbara,Barbara Chirullo,http://www.wikidata.org/entity/Q55136355,Chirullo
656325,EU-BEADS,MSCA-IF,999977172,MS,Dorothea Maria,Dorothea Maria Bosch,,Bosch
656327,COMNACTSS,MSCA-IF,999985805,DR,Sela,Sela Samin,http://www.wikidata.org/entity/Q53707591,Samin
656333,PEACEFUL MIND,MSCA-IF,999985708,DR,Maja,Maja Wrzesien,,Wrzesien
656337,VEiL,MSCA-IF,999897341,DR,Arianna,Arianna Traviglia,http://www.wikidata.org/entity/Q57916291,Traviglia
656338,MITONUC,MSCA-IF,999985029,DR,Zorana,Zorana Kurbalija Novičić,http://www.wikidata.org/entity/Q98165970,Kurbalija Novicic
656347,GUTWORM,MSCA-IF,999981343,DR,Maria,Maria A Duque-Correa,http://www.wikidata.org/entity/Q86570133,Duque Correa
656349,IPBMNES,MSCA-IF,999897729,DR,Venkatesan,Venkatesan Kanagaraj,,Kanagaraj
656354,ClOThIlde,MSCA-IF,99999793,DR,Begoña,Begoña Ascaso,,Ascaso
656357,RAGES,MSCA-IF,99998435,DR,Suzanne,Suzanne Snellenberg,,Snellenberg
656359,7DUP,MSCA-IF,999867077,DR,Roser,Roser Corominas Castineira,,Corominas Castineira
656361,STATE CAPACITY,MSCA-IF,99946734,DR,Imke,Imke Harbers,http://www.wikidata.org/entity/Q98874212,Harbers
656361,STATE CAPACITY,MSCA-IF,999985708,DR,Imke,Imke Harbers,http://www.wikidata.org/entity/Q98874212,Harbers
656370,SF-magnetic-stars,MSCA-IF,999895886,DR,Andrea,Andrea Passamonti,,Passamonti
656377,Transnat_farright,MSCA-IF,999866883,DR,Agnieszka,Agnieszka Pasieka,,Pasieka
656378,INTERFACIAL REACTIONS,MSCA-IF,999866883,DR,Chen,Chen Li,,Li
656381,SHARP,MSCA-IF,999976493,DR,Peter,Peter M Abbott,http://www.wikidata.org/entity/Q88034241,Abbott
656381,SHARP,MSCA-IF,999979694,DR,Peter,Peter M Abbott,http://www.wikidata.org/entity/Q88034241,Abbott
656385,ENIRIS,MSCA-IF,999479077,DR,Ugo,Ugo Marzocchi,http://www.wikidata.org/entity/Q87373876,Marzocchi
656385,ENIRIS,MSCA-IF,999902094,DR,Ugo,Ugo Marzocchi,http://www.wikidata.org/entity/Q87373876,Marzocchi
656397,THISTLE,MSCA-IF,999995602,DR,Sandrine,Sandrine Paradis-grenouillet,,Paradis-grenouillet
656398,DDRR,MSCA-IF,99999308,MRS,Lorena,Lorena Tomé,,Tomé
656422,MODFIN,MSCA-IF,999975426,MR,Dario,Dário Garcia,http://www.wikidata.org/entity/Q96205935,Garcia
656428,FIRSTBHs,MSCA-IF,99999793,DR,Muhammad,Muhammad Amer Latif,http://www.wikidata.org/entity/Q92161987,Latif
656439,ESAIRE,MSCA-IF,951414122,DR,Irene,Irene Eleta Mogollon,,Eleta Mogollon
656439,ESAIRE,MSCA-IF,999551245,DR,Irene,Irene Eleta Mogollon,,Eleta Mogollon
656441,Carnap and the Limits of Metaphysics,MSCA-IF,999975426,DR,Darren,Darren Bradley,http://www.wikidata.org/entity/Q5224805,Bradley
656442,membrane-ezrin-actin,MSCA-IF,999896759,DR,Feng-Ching,Feng-Ching Tsai,http://www.wikidata.org/entity/Q83110242,Tsai
656455,METENZ,MSCA-IF,998269778,DR,Matthew,Matthew Burns,http://www.wikidata.org/entity/Q89700160,Burns
656455,METENZ,MSCA-IF,998776215,DR,Matthew,Nick Mondo,http://www.wikidata.org/entity/Q1364500,Burns
656455,METENZ,MSCA-IF,999977172,DR,Matthew,Matthew Burns,http://www.wikidata.org/entity/Q89700160,Burns
656463,Soft Gluons,MSCA-IF,999974941,DR,Leonardo,Leonardo Vernazza,,Vernazza
656467,SUPRONICS,MSCA-IF,999976881,DR,Tongfei,Tongfei Wu,http://www.wikidata.org/entity/Q47348416,Wu
656479,SiCWIRE,MSCA-IF,999875225,DR,Konstantinos,Konstantinos Zekentes,,Zekentes
656480,AWWO,MSCA-IF,99986601,DR,Ugo,Ugo Zilioli,,Zilioli
656485,SPIN3,MSCA-IF,999977172,DR,Mario,Mario Amado,http://www.wikidata.org/entity/Q59507194,Amado
656490,MagProtoCell,MSCA-IF,999974262,DR,Laura,Laura Rodríguez-Arco,http://www.wikidata.org/entity/Q83464064,Rodríguez Arco
656491,BRANECOSMOLOGY,MSCA-IF,999991334,DR,Marjorie,Marjorie Schillo,,Schillo
656493,DEGENHA,MSCA-IF,99998435,DR,Maitane,Maitane Fernández Chento,,Fernández Chento
656511,KSHV QTV,MSCA-IF,999977172,DR,Ildar,Ildar Gabaev,http://www.wikidata.org/entity/Q95975853,Gabaev
656514,GENEVABREED,MSCA-IF,998317211,MS,Héloïse,Héloïse Bastiaanse,,Bastiaanse
656514,GENEVABREED,MSCA-IF,998341461,MS,Héloïse,Héloïse Bastiaanse,,Bastiaanse
656519,ELSWIFLUOPRO,MSCA-IF,999854758,DR,Martina,Martina Čížková,http://www.wikidata.org/entity/Q62836249,Čížková
656522,EARLYSTART,MSCA-IF,999907235,DR,Raquel,Raquel Monclús,http://www.wikidata.org/entity/Q79783004,Monclús
656528,CortexVisionBehavior,MSCA-IF,99997562,DR,Nicholas,Nicholas A Steinmetz,http://www.wikidata.org/entity/Q40930573,Steinmetz
656530,ETAB,MSCA-IF,999979888,DR,Marie,Marie Bonneau,,Bonneau
656540,EARMEDCASTILE,MSCA-IF,999865234,DR,francesca,Francesca Grassi,http://www.wikidata.org/entity/Q38322082,Grassi
656547,NeuArc2Fun,MSCA-IF,999867077,DR,Gilson,Matthieu Gilson,http://www.wikidata.org/entity/Q41045326,Matthieu
656564,BICSA,MSCA-IF,999991043,DR,Martin,Martin Stefan Brandt,http://www.wikidata.org/entity/Q57414629,Brandt
656566,LQTS-HORSES,MSCA-IF,999991043,DR,Dagmar,Dagmar S Trachsel,http://www.wikidata.org/entity/Q57561527,Trachsel
656572,MobileLinks,MSCA-IF,999977172,DR,Juan Pedro,Juan Pedro González-Varo,,González-Varo
656579,POTENTIATE,MSCA-IF,999981634,DR,Patricia,Patricia Corral-Martínez,http://www.wikidata.org/entity/Q97533328,Corral martínez
656582,SAFE LIB,MSCA-IF,999976784,DR,Ping,He Pingping,http://www.wikidata.org/entity/Q315228,Ping
656596,SilhouetteOfSeaweed,MSCA-IF,9997661,DR,Asta H,Asta H Petursdottir,http://www.wikidata.org/entity/Q57080349,Petursdottir
656598,FASTQUANTUM,MSCA-IF,998826946,DR,Tobias,Tobias Kipp,http://www.wikidata.org/entity/Q88030222,Kipp
656598,FASTQUANTUM,MSCA-IF,999905101,DR,Tobias,Tobias Kipp,http://www.wikidata.org/entity/Q88030222,Kipp
656601,NSCaging,MSCA-IF,999518362,DR,Benedetta,Benedetta Artegiani,,Artegiani
656607,DC FlexMIL,MSCA-IF,997292018,DR,Michael,Michael Kues,http://www.wikidata.org/entity/Q93251416,Kues
656607,DC FlexMIL,MSCA-IF,999974165,DR,Michael,Michael Kues,http://www.wikidata.org/entity/Q93251416,Kues
656625,CHOCOLATE,MSCA-IF,94973544,DR,Nathaelle,Nathaelle Bouttes-Mauhourat,http://www.wikidata.org/entity/Q66486314,Bouttes
656632,ECONOMY,MSCA-IF,999981634,DR,Diego,Diego Abalos Rodriguez,,Abalos Rodriguez
656636,Titin Signals,MSCA-IF,99946734,DR,Julijus,Julijus Bogomolovas,http://www.wikidata.org/entity/Q30158959,Bogomolovas
656636,Titin Signals,MSCA-IF,999889969,DR,Julijus,Julijus Bogomolovas,http://www.wikidata.org/entity/Q30158959,Bogomolovas
656636,Titin Signals,MSCA-IF,999987648,DR,Julijus,Julijus Bogomolovas,http://www.wikidata.org/entity/Q30158959,Bogomolovas
656644,INSCAPE,MSCA-IF,93696248,DR,Matthias,Matthias Schönberger,,Schönberger
656644,INSCAPE,MSCA-IF,999884828,DR,Matthias,Matthias Schönberger,,Schönberger
656647,MicroEcoEvol,MSCA-IF,999864555,DR,Nicolas,Nicolas Tromas,http://www.wikidata.org/entity/Q93045960,Tromas
656647,MicroEcoEvol,MSCA-IF,999902773,DR,Nicolas,Nicolas Tromas,http://www.wikidata.org/entity/Q93045960,Tromas
656650,ABANDONMENT,MSCA-IF,999864555,MR,Lukas,Lukáš Holata,http://www.wikidata.org/entity/Q95169539,Holata
656655,BATTLE,MSCA-IF,999975523,DR,Sergio,Sergio Galán Bartual,http://www.wikidata.org/entity/Q52360684,Bartual
656657,TANYFEEDNEURONS,MSCA-IF,999997833,DR,Jerome,Jerome Clasadonte,,Clasadonte
656658,NanoCuI,MSCA-IF,999985611,DR,Anil Reddy,Anil Reddy Marri,,Marri
656676,FEAT,MSCA-IF,999987745,DR,Marco Maria,Marco Maria Scuderi,,Scuderi
656687,APTASENS,MSCA-IF,950076686,DR,Marcello,Marcello Mascini,http://www.wikidata.org/entity/Q59284611,Mascini
656687,APTASENS,MSCA-IF,999874546,DR,Marcello,Marcello Mascini,http://www.wikidata.org/entity/Q59284611,Mascini
656690,GOMB-TBI,MSCA-IF,999977172,DR,Jeroen,Jeroen Hermanides,http://www.wikidata.org/entity/Q90174000,Hermanides
656697,ASF_SwineResistance,MSCA-IF,999904034,DR,Laura,Laura Iacolina,http://www.wikidata.org/entity/Q56562597,Iacolina
656701,NuFEAST,MSCA-IF,999862906,DR,Juliet,Juliet Wiseman,,Wiseman
656712,FE-RUS-Blast,MSCA-IF,909875521,DR,Kailiang,Kailiang Xu,http://www.wikidata.org/entity/Q87979698,Xu
656712,FE-RUS-Blast,MSCA-IF,999986193,DR,Kailiang,Kailiang Xu,http://www.wikidata.org/entity/Q87979698,Xu
656721,MECHANOPROTEASES,MSCA-IF,999981052,DR,David,David Giganti,http://www.wikidata.org/entity/Q56594172,Giganti
656723,NPL,MSCA-IF,999978045,DR,Francisco Miguel,Francisco Miguel Ribeiro Cardona,,Ribeiro Cardona
656724,InterDemo,MSCA-IF,999986484,DR,Isabella,Isabella Radhuber,,Radhuber
656725,StarlightWinds,MSCA-IF,999991722,DR,Jon,Jon Sundqvist,,Sundqvist
656730,GLIODIABESITY,MSCA-IF,910186018,MS,María,María Manfredi-Lozano,http://www.wikidata.org/entity/Q51322761,Manfredi-Lozano
656730,GLIODIABESITY,MSCA-IF,999886768,MS,María,María Manfredi-Lozano,http://www.wikidata.org/entity/Q51322761,Manfredi-Lozano
656731,ECAMMETT,MSCA-IF,999854855,DR,Alexis,Alexis Licht,http://www.wikidata.org/entity/Q56527124,Licht
656737,IPSIBiM,MSCA-IF,999896953,DR,Vânia,Vânia Almeida,http://www.wikidata.org/entity/Q51659429,Almeida
656738,INHABIT Cities,MSCA-IF,999981052,DR,Maria,Maria Rusca,http://www.wikidata.org/entity/Q57868985,Rusca
656741,ALGOVIS,MSCA-IF,99984273,DR,Wouter,Wouter Meuleman,http://www.wikidata.org/entity/Q57116847,Meulemans
656748,KEME,MSCA-IF,999991043,DR,Jane,Jane Malcolm-Davies,http://www.wikidata.org/entity/Q59342113,Malcolm-Davies
656753,GLASUNTES,MSCA-IF,999862712,MR,Emiliano I. M.,Emiliano I. M. Casati,,Casati
656753,GLASUNTES,MSCA-IF,999979015,MR,Emiliano I. M.,Emiliano I. M. Casati,,Casati
656757,Tolltum,MSCA-IF,99998435,DR,Aditi,Aditi Varthaman,,Varthaman
656763,GTHREG,MSCA-IF,99999793,MR,Matan,Matan Golan,http://www.wikidata.org/entity/Q45332372,Golan
656767,TEMPEA,MSCA-IF,999907914,DR,Monika,Monika Baumanova,,Baumanova
656767,TEMPEA,MSCA-IF,999985029,DR,Monika,Monika Baumanova,,Baumanova
656774,Behaviour-Connect,MSCA-IF,999984253,DR,Emma,Emma Carroll,http://www.wikidata.org/entity/Q49665369,Carroll
656775,GLUCOTOX,MSCA-IF,999907526,DR,Thomas,Thomas P Solomon,http://www.wikidata.org/entity/Q59195269,Solomon
656778,Class II PI3K,MSCA-IF,99997562,DR,York,York Posor,http://www.wikidata.org/entity/Q92173326,Posor
656779,MOPIGRASFIT,MSCA-IF,999833903,DR,Sermin,Sermin ILDIRAR KIRBAS,,ILDIRAR KIRBAS
656782,PETITE GUERRE,MSCA-IF,99998435,DR,Andrea,Andrea Brazzoduro,,Brazzoduro
656787,Ethics and Ageing,MSCA-IF,999867077,DR,Paul,Paul Bou-habib,,Bou-habib
656794,DEFT,MSCA-IF,999992401,DR,Guillermo,Guillermo Ballesteros,,Ballesteros
656810,DENDRONUTRIENT,MSCA-IF,999888029,DR,Yueh-Hsin,Yueh-Hsin Lo,,Lo
656811,USES,MSCA-IF,999997736,DR,Gary,Gary Watmough,,Watmough
656812,Amine-FUNC,MSCA-IF,999977172,DR,Chuan,Chuan He,,He
656816,Oncoworm,MSCA-IF,99998435,DR,Nobuyoshi,Nobuyoshi Kosaka,http://www.wikidata.org/entity/Q96136390,Kosaka
656817,RvD3-RAVIS,MSCA-IF,99997853,DR,Hildur,Hildur H Arnardottir,http://www.wikidata.org/entity/Q57980552,Arnardottir
656820,CHELALZ,MSCA-IF,999986387,DR,ANA BELEN,ANA BELEN Caballero Hernández,,Caballero Hernández
656821,SEAGAS,MSCA-IF,996454423,DR,Daniel Brian,Daniel Brian Praeg,,Praeg
656821,SEAGAS,MSCA-IF,99999793,DR,Daniel Brian,Daniel Brian Praeg,,Praeg
656822,ChloroQuality,MSCA-IF,999978433,DR,Pablo,Pablo Pulido,,Pulido
656824,Molmechindividuality,MSCA-IF,999651931,DR,Gerit,Gerit A. Linneweber,http://www.wikidata.org/entity/Q42290543,Linneweber
656824,Molmechindividuality,MSCA-IF,999994826,DR,Gerit,Gerit A. Linneweber,http://www.wikidata.org/entity/Q42290543,Linneweber
656830,DRC-ECSA,MSCA-IF,999974262,DR,Hua,Hua Wu,,Wu
656841,metaC-Hfunct,MSCA-IF,99990384,MR,Marc,Marc Font,http://www.wikidata.org/entity/Q43250541,Font
656842,HspAdhesion,MSCA-IF,999892976,DR,Constanze,Constanze Lamprecht,http://www.wikidata.org/entity/Q87698114,Lamprecht
656843,EDPAS,MSCA-IF,999544455,DR,BARBARA,BARBARA Pernaute,,Pernaute
656847,RIDEC,MSCA-IF,999494403,DR,Denis,Denis Samyn,,Samyn
656848,NETIA,MSCA-IF,999991043,DR,Kalliope,Kalliope Sarri,,Sarri
656853,Symbiosis,MSCA-IF,999991043,DR,Brecht,Brecht Verstraete,,Verstraete
656869,COSMIC SHEAR,MSCA-IF,999974941,DR,Joachim,Joachim Harnois-Deraps,,Harnois-Deraps
656870,ARTIST,MSCA-IF,95007785,DR,Robert,Robert S Weatherup,http://www.wikidata.org/entity/Q42926406,Weatherup
656870,ARTIST,MSCA-IF,999977172,DR,Robert,Robert S Weatherup,http://www.wikidata.org/entity/Q42926406,Weatherup
656872,INAME,MSCA-IF,99998435,DR,pawan,pawan Kumar,,Kumar
656873,VCSD,MSCA-IF,999619436,DR,Jason,Jason J Otterstrom,http://www.wikidata.org/entity/Q59688104,Otterstrom
656878,SO-CMA,MSCA-IF,999993468,DR,Marta,Marta Vazquez-Ortiz,http://www.wikidata.org/entity/Q92139132,Vazquez-Ortiz
656881,NBUCA,MSCA-IF,999899281,DR,Lucía,Lucia Amoruso,http://www.wikidata.org/entity/Q57696927,Amoruso
656882,REGMat,MSCA-IF,999986387,DR,Jorge,Jorge Rocha,,Rocha
656886,SmartMammaCAD,MSCA-IF,971962408,DR,Ignacio,Ignacio Alvarez,,Alvarez
656886,SmartMammaCAD,MSCA-IF,999882015,DR,Ignacio,Ignacio Alvarez,,Alvarez
656891,COUPCAT,MSCA-IF,99946734,DR,Iker,Iker Aguirrezabal Telleria,,Aguirrezabal Telleria
656891,COUPCAT,MSCA-IF,999865234,DR,Iker,Iker Aguirrezabal Telleria,,Aguirrezabal Telleria
656896,MAIDEN-SPRUCE,MSCA-IF,955518483,DR,Fabio,Fabio Gennaretti,http://www.wikidata.org/entity/Q60873713,Gennaretti
656898,INVLOCCY,MSCA-IF,999985805,DR,Martinus,Martinus Koolen,http://www.wikidata.org/entity/Q64526644,Kool
656900,DualNRSQNM,MSCA-IF,999991043,DR,Cynthia,Cynthia Keeler,,Keeler
656902,DNAmics,MSCA-IF,999977172,DR,Pavle,Pavle Trošelj,http://www.wikidata.org/entity/Q60647509,Troselj
656908,NIMBLIS,MSCA-IF,999866883,DR,Oscar,Oscar Bomatí-Miguel,http://www.wikidata.org/entity/Q55447388,Bomati-Miguel
656917,River-HMV,MSCA-IF,999841954,DR,Luke,Luke Javernick,,Javernick
656918,MEPOL,MSCA-IF,999981634,DR,Monica,Monica Borghi,http://www.wikidata.org/entity/Q57066859,Borghi
656923,IRON_DEPOSITS,MSCA-IF,999981828,DR,Tong,Tong Hou,http://www.wikidata.org/entity/Q59934543,Hou
656937,QuantMR7,MSCA-IF,949800333,DR,Guido,Guido Buonincontri,,Buonincontri
656940,FUDACT,MSCA-IF,99946734,PROF,Mirjana,Mirjana Videnovic-Misic,,Videnovic-Misic
656940,FUDACT,MSCA-IF,999825755,PROF,Mirjana,Mirjana Videnovic-Misic,,Videnovic-Misic
656943,AluminiumScrapDbase,MSCA-IF,99974961,DR,Chandra Bhanu,Chandra Bhanu Basak,http://www.wikidata.org/entity/Q83958741,Basak
656945,EffectorTargets,MSCA-IF,999993468,DR,Wilfried,Wilfried Jonkers,,Jonkers
656954,KimberliteNewApproach,MSCA-IF,954530344,DR,Andrea,Andrea Giuliani,,Giuliani
656967,PYROCHEM,MSCA-IF,999896953,DR,Marion,Marion Carrier,http://www.wikidata.org/entity/Q41602151,Carrier
656971,EU and SSR,MSCA-IF,999974262,DR,Filip,Filip Ejdus,,Ejdus
656984,MINDFLY,MSCA-IF,999896953,DR,Maria,Maria G. Chernysheva,http://www.wikidata.org/entity/Q42097929,Chernysheva
656988,NEDBELS,MSCA-IF,938029771,DR,Andrea,Andrea Lollini,,Lollini
656988,NEDBELS,MSCA-IF,999993953,DR,Andrea,Andrea Lollini,,Lollini
656990,REDOxHEART,MSCA-IF,99998435,MR,Konstantinos,Konstantinos Psarros,,Psarros
656994,nanoCAVa,MSCA-IF,999994535,DR,Katrianne,Katrianne Lehtipalo,http://www.wikidata.org/entity/Q37382858,Lehtipalo
656994,nanoCAVa,MSCA-IF,999994923,DR,Katrianne,Katrianne Lehtipalo,http://www.wikidata.org/entity/Q37382858,Lehtipalo
656995,RESILIENCE,MSCA-IF,999992595,DR,Sreeramaiah,Sreeramaiah N Gangappa,http://www.wikidata.org/entity/Q80979540,Gangappa
656997,Exo-C,MSCA-IF,999864555,DR,Antonio,Antonio Muñoz-García,http://www.wikidata.org/entity/Q89030069,Garcia munoz
656998,REE Value Chain,MSCA-IF,999974553,DR,Nabeel,Nabeel Mancheri,,Mancheri
656999,FCSSSLP,MSCA-IF,986104426,DR,Javier,Javier López,http://www.wikidata.org/entity/Q57503960,Lopez
656999,FCSSSLP,MSCA-IF,998817731,DR,Javier,Javier López,http://www.wikidata.org/entity/Q57503960,Lopez
657004,OATP,MSCA-IF,93736115,DR,Pieter,Pieter Naaijkens,,Naaijkens
657004,OATP,MSCA-IF,999983962,DR,Pieter,Pieter Naaijkens,,Naaijkens
657007,FRAMAB,MSCA-IF,999993468,DR,Enrico,Enrico Tubaldi,,Tubaldi
657016,FEEC discretizations,MSCA-IF,999993468,DR,Werner,Werner Bauer,,Bauer
657017,LOGIVIS,MSCA-IF,99998435,DR,Patrick,Patrick Allo,http://www.wikidata.org/entity/Q57053238,Allo
657025,MOCT,MSCA-IF,999534852,DR,Mladen,Mladen Savović,http://www.wikidata.org/entity/Q6885602,Savov
657027,CoEvolFramework,MSCA-IF,999907526,DR,Siang Yew,Siang Yew Chong,http://www.wikidata.org/entity/Q60023779,Chong
657030,FAMilyDECisions,MSCA-IF,992204077,DR,Xiana,Xiana Bueno,http://www.wikidata.org/entity/Q57411710,Bueno-garcia
657030,FAMilyDECisions,MSCA-IF,997629384,DR,Xiana,Xiana Bueno,http://www.wikidata.org/entity/Q57411710,Bueno-garcia
657033,TEACHPOL,MSCA-IF,999852915,DR,Andrea,Andrea Colli,http://www.wikidata.org/entity/Q57126614,Colli
657039,Repower Democracy,MSCA-IF,999974456,DR,Anna,Anna Szolucha,http://www.wikidata.org/entity/Q97565426,Szolucha
657041,GLOBE,MSCA-IF,999997736,DR,Emil,Emil Dražević,http://www.wikidata.org/entity/Q61818335,Drazevic
657042,PINQUAR,MSCA-IF,99999793,DR,SAID,SAID RAHIMZADEH KALALEH RODRIGUEZ,,RAHIMZADEH KALALEH RODRIGUEZ
657050,RES.CO.PART,MSCA-IF,999985417,DR,Stelios,Stelios Lekakis,,Lekakis
657054,NITRIDE-SRH,MSCA-IF,983800482,DR,Audrius,Audrius Alkauskas,http://www.wikidata.org/entity/Q56422743,Alkauskas
657070,GRAFLEX,MSCA-IF,9999795,DR,Khatuna,Khatuna Kakhiani,,Kakhiani
657076,HJMIGRA,MSCA-IF,999896468,DR,Mate,Máté Gyimesi,http://www.wikidata.org/entity/Q61159535,Gyimesi
657079,IMPAM,MSCA-IF,999984059,DR,Marina,Marina Vdovenko,,Vdovenko
657087,NextGen RiBiomics,MSCA-IF,999975523,DR,Harunori,Harunori Yoshikawa,http://www.wikidata.org/entity/Q55136798,Yoshikawa
657088,MRTGS,MSCA-IF,99997562,DR,Maria,Maria Dudareva,http://www.wikidata.org/entity/Q56842174,Duda
657096,MULTICELL,MSCA-IF,999839529,DR,Katrin,Katrin Hammerschmidt,http://www.wikidata.org/entity/Q59543931,Hammerschmidt
657107,MucoVac,MSCA-IF,910186018,DR,Aneesh,Aneesh Vijayan,,Vijayan
657107,MucoVac,MSCA-IF,999886768,DR,Aneesh,Aneesh Vijayan,,Vijayan
657111,CompositeSPTphases,MSCA-IF,99998435,DR,Zohar,Zohar Ringel,http://www.wikidata.org/entity/Q95971837,Ringel
657115,cSiOnGlass,MSCA-IF,999619048,DR,Michael,Michael Vetter,,Vetter
657118,MIGMED,MSCA-IF,999976784,DR,felicita,felicita Tramontana,,Tramontana
657123,PHYSIO-POP,MSCA-IF,99990287,DR,Alejandra Juana,Alejandra Juana Navarro Garcia,,Navarro Garcia
657125,TARGEPILIVER,MSCA-IF,999485382,DR,Maite,Maite García-Fernández de Barrena,http://www.wikidata.org/entity/Q85529509,Garcia fernandez de barrena
657128,LEXICON POETICUM,MSCA-IF,999991043,DR,Tarrin,Tarrin Wills,,Wills
657135,MIDGESYM,MSCA-IF,999980567,DR,Stefanos,Stefanos Siozios,http://www.wikidata.org/entity/Q83941055,Siozios
657139,STROMAMECH,MSCA-IF,999835843,DR,Athanasios,Athanasios Pirentis,,Pirentis
657141,F-Pole,MSCA-IF,999864555,DR,Estelle,Estelle Kilias,,Kilias
657176,ASB,MSCA-IF,999905101,DR,Arthur,Arthur Lipstein,,Lipstein
657178,RESCBONE,MSCA-IF,999974262,DR,Sara,Sara Windahl,http://www.wikidata.org/entity/Q59554716,Windahl
657182,Post-GFC Monetary Policy,MSCA-IF,998156579,DR,Isabel,Isabel Casas,http://www.wikidata.org/entity/Q86597495,Casas
657187,REVEAL,MSCA-IF,906446474,DR,Yasmina,Yasmina Martos,,Martos
657187,REVEAL,MSCA-IF,9999892,DR,Yasmina,Yasmina Martos,,Martos
657188,GAMMALAS,MSCA-IF,99997562,DR,Luca,Luca Marmugi,http://www.wikidata.org/entity/Q59003341,Marmugi
657189,DC cancer,MSCA-IF,93642607,DR,Jan,Jan Böttcher,http://www.wikidata.org/entity/Q97424944,Böttcher
657189,DC cancer,MSCA-IF,999494888,DR,Jan,Jan Böttcher,http://www.wikidata.org/entity/Q97424944,Böttcher
657192,HotPaNTS,MSCA-IF,99988735,DR,Magdalena,Magdalena Bieroza,http://www.wikidata.org/entity/Q57665625,Bieroza
657194,Nu14Mig,MSCA-IF,999976978,MR,Atchutarao,Atchutarao Pathigoolla,,Pathigoolla
657195,MEROXRE,MSCA-IF,99999793,MR,Martin,Martin Jiskra,http://www.wikidata.org/entity/Q40970158,Jiskra
657211,TEMPI,MSCA-IF,999985417,DR,Cristiano,Cristiano Iaia,,Iaia
657215,OUTstandINg,MSCA-IF,999898214,DR,Raluca Maria,Raluca Maria Fratila,,Fratila
657223,EWTEK,MSCA-IF,999598969,DR,Bernadette,Bernadette Montanari,,Montanari
657223,EWTEK,MSCA-IF,999839335,DR,Bernadette,Bernadette Montanari,,Montanari
657227,DoRoThy,MSCA-IF,999854661,DR,Séverin,Séverin Lemaignan,,Lemaignan
657233,Safe and Sound Drive,MSCA-IF,991657094,DR,Arne,Arne Nykänen,,Nykänen
657237,FreeMi,MSCA-IF,999994632,DR,Adeline,Adeline Loyau,http://www.wikidata.org/entity/Q37830289,Loyau
657239,Neurostella,MSCA-IF,999866883,DR,Iva,Iva Kelava,,Kelava
657240,ICONOPHILIA,MSCA-IF,999907526,DR,Francesca,Francesca Dell'acqua,,Dell'acqua
657244,SilentFACT,MSCA-IF,999978433,DR,Magdalena,Magdalena Murawska,http://www.wikidata.org/entity/Q85843805,Murawska
657247,MOLCLICK,MSCA-IF,950152928,DR,Michael,Michael S. Inkpen,http://www.wikidata.org/entity/Q55403950,Inkpen
657247,MOLCLICK,MSCA-IF,999858541,DR,Michael,Michael S. Inkpen,http://www.wikidata.org/entity/Q55403950,Inkpen
657251,ASTROMULTISCALE,MSCA-IF,99998435,DR,Marek,Marek Strumik,http://www.wikidata.org/entity/Q81385302,Strumik
657255,NeWMaBIL,MSCA-IF,99999211,DR,Sara,Sara Aurtenetxe,http://www.wikidata.org/entity/Q88643373,Aurtenetxe
657261,TRICE QFT,MSCA-IF,999849617,DR,GOURI SHANKAR,GOURI SHANKAR GIRI,,GIRI
657264,BIOeSPUN scaffolds,MSCA-IF,999995408,DR,Liliana,Liliana Liverani,http://www.wikidata.org/entity/Q42154567,Liverani
657270,EpiSil-IBC,MSCA-IF,999981149,DR,Miha,Miha Filipic,,Filipic
657272,COFFEE,MSCA-IF,999979888,DR,Ondrej,Ondřej Hort,http://www.wikidata.org/entity/Q87556532,Hort
657283,MASIEGE,MSCA-IF,998386566,DR,Joao,Joao Correia-da-Silva,,Correia-da-Silva
657286,ICSIS,MSCA-IF,999896953,DR,Dominick,Dominick G A Burton,http://www.wikidata.org/entity/Q81876015,Burton
657292,RAPID-KDM,MSCA-IF,998361734,DR,Louise,Louise Walport,,Walport
657292,RAPID-KDM,MSCA-IF,99998435,DR,Louise,Louise Walport,,Walport
657296,SCDCDC,MSCA-IF,985914403,PROF,Hakan,Hakan Doğan,http://www.wikidata.org/entity/Q19959297,Dogan
657304,GlidArc,MSCA-IF,99990287,DR,Weizong,Weizong Wang,http://www.wikidata.org/entity/Q59542963,Wang
657309,GLOBALGLASS,MSCA-IF,999985417,DR,Tatiana,Tatiana Ivleva,http://www.wikidata.org/entity/Q47069778,Ivleva
657314,MBLIs,MSCA-IF,99998435,DR,Marios,Marios S Markoulides,http://www.wikidata.org/entity/Q45786160,Markoulides
657331,CaMILLET,MSCA-IF,999853012,DR,Swati,Swati Puranik,,Puranik
657332,PEERS,MSCA-IF,933779037,DR,Tomás,Tomás Rodríguez Barraquer,,Rodríguez Barraquer
657342,ETFA,MSCA-IF,999986096,DR,Víctor,Víctor Martínez hahnmüller,,Martínez hahnmüller
657347,LBSKQ,MSCA-IF,999852818,PROF,Nikolaos,Nikolaos Mamoulis,,Mamoulis
657355,tRRACES,MSCA-IF,999978336,DR,Cruz,Cruz Ferro Vázquez,,Ferro Vázquez
657357,WINTERC-3D,MSCA-IF,999847386,DR,Javier,Javier Fullea,http://www.wikidata.org/entity/Q57413066,Fullea
657359,PVFIFTY,MSCA-IF,999993468,DR,alexander,alexander Mellor,,Mellor
657361,REGUCB,MSCA-IF,999864555,DR,Lorenzo,Lorenzo Beltrame,http://www.wikidata.org/entity/Q92034670,Beltrame
657366,SPECIFIC fMRI,MSCA-IF,967498371,DR,Noam,Noam Shemesh,http://www.wikidata.org/entity/Q42856669,Shemesh
657370,PATH,MSCA-IF,999974165,DR,Erin,Erin Gibson,http://www.wikidata.org/entity/Q88492840,Gibson
657374,DROUGHTROOT,MSCA-IF,99999793,DR,Miguel Angel,Miguel Angel Rosales Villegas,,Rosales Villegas
657424,QuantumLaP,MSCA-IF,999873867,DR,Thibault,Thibault J-Y Derrien,http://www.wikidata.org/entity/Q90723458,Derrien
657425,TRANSFORMER,MSCA-IF,997459052,DR,Marko,Marko Rozman,http://www.wikidata.org/entity/Q73010738,Rozman
657434,PhoLED,MSCA-IF,999991722,DR,Dongling,Dongling Geng,,Geng
657439,TOP-DOL,MSCA-IF,999619436,DR,Pierrick,Pierrick Cheiney,http://www.wikidata.org/entity/Q89639902,Cheiney
657440,InSIght,MSCA-IF,99998435,DR,Torø,Torø Graven,,Graven
657441,EcoDA,MSCA-IF,999976881,DR,Corelia,Corelia Baibarac,,Baibarac
657452,ACTIVE_MARS,MSCA-IF,999923337,MR,Jan,Jan Raack,,Raack
657465,AuNP-PhotoBioDrug,MSCA-IF,999985611,DR,Ignacio,Ignacio Vaya-perez,,Vaya-perez
657473,BioFrost,MSCA-IF,999994341,DR,Amedea,Amedea Perfumo,,Perfumo
657474,BIOMARK,MSCA-IF,996120064,DR,Lisa,Lisa Wilson,http://www.wikidata.org/entity/Q59749034,Wilson
657479,SMI REP,MSCA-IF,93642607,DR,Daniel,Daniel R. Burnham,http://www.wikidata.org/entity/Q51872449,Burnham
657479,SMI REP,MSCA-IF,999494888,DR,Daniel,Daniel R. Burnham,http://www.wikidata.org/entity/Q51872449,Burnham
657482,WEY-CRISP,MSCA-IF,999911115,DR,Irene,Irene García-Moya,http://www.wikidata.org/entity/Q47704885,Garcia Moya
657486,NANOCARB,MSCA-IF,999995602,DR,Subhabrata,Subhabrata Maiti,http://www.wikidata.org/entity/Q82257254,Maiti
657492,SpliceosomeStructure,MSCA-IF,906446474,DR,Sebastian,Sebastian Fica,http://www.wikidata.org/entity/Q86825561,Fica
657492,SpliceosomeStructure,MSCA-IF,99999017,DR,Sebastian,Sebastian Fica,http://www.wikidata.org/entity/Q86825561,Fica
657497,SuSiPOD,MSCA-IF,999992401,DR,Luca,Luca Redaelli,http://www.wikidata.org/entity/Q60669505,Redaelli
657501,InVivo_DDR_ADPR,MSCA-IF,999990267,DR,Juan Jose,Juan Jose Bonfiglio,,Bonfiglio
657505,MTT,MSCA-IF,999985417,DR,Gema,Gema Martin-Ordas,http://www.wikidata.org/entity/Q93254408,Martin ordas
657510,BHLOC,MSCA-IF,99999793,DR,Shailesh,Shailesh Lal,http://www.wikidata.org/entity/Q91556928,Lal
657512,ECECWorkforce,MSCA-IF,999881239,DR,Verity,Verity Campbell-barr,,Campbell-barr
657514,DECOS,MSCA-IF,999997736,DR,Dmytro,Dmytro Bykov,http://www.wikidata.org/entity/Q88219799,Bykov
657517,COLPHAM,MSCA-IF,999986387,DR,Demian,Demian Levis,http://www.wikidata.org/entity/Q59000957,Levis
657522,NEW URBAN UNIVERSITY,MSCA-IF,99997562,DR,Jean-Paul,Jean-Paul Addie,,Addie
657527,MelonMixVir,MSCA-IF,999646596,DR,Ana Beatriz,Ana Beatriz Moreno Goncalves,,Moreno Goncalves
657533,EMoGrIS,MSCA-IF,999923434,DR,Marek,Marek Stibal,http://www.wikidata.org/entity/Q52360124,Stibal
657536,SNBinaries,MSCA-IF,999976784,DR,Stephan,Stephan Geier,,Geier
657539,STARMAS,MSCA-IF,996827485,DR,Neven,Neven Alujević,http://www.wikidata.org/entity/Q84978148,Alujevic
657544,ATTOCHEM,MSCA-IF,999561042,,Matthias,Matthias Kuebel,,Kuebel
657544,ATTOCHEM,MSCA-IF,999978433,,Matthias,Matthias Kuebel,,Kuebel
657546,PneumoCompetence,MSCA-IF,999989782,DR,Arnau,Arnau Domenech,http://www.wikidata.org/entity/Q39682615,Domenech
657566,CONFINES,MSCA-IF,999898214,DR,Alfredo,Alfredo Ambrosone,,Ambrosone
657569,TRAIT,MSCA-IF,999518362,DR,Thomas,Thomas W Crowther,http://www.wikidata.org/entity/Q57191039,Crowther
657592,SECOMAP,MSCA-IF,999974165,DR,Sebastian,Sebastian Kirchner,http://www.wikidata.org/entity/Q83114893,Kirchner
657595,OPEDGP,MSCA-IF,999654744,DR,Nele,Nele Friedrich,http://www.wikidata.org/entity/Q89013602,Friedrich
657596,NICOS,MSCA-IF,999990267,DR,Tatiana,Tatiana Amotchkina,,Amotchkina
657599,HOTSPOT,MSCA-IF,999993468,DR,Emiliano,Emiliano Cortés,http://www.wikidata.org/entity/Q42292956,Cortés
657605,Intentions in Action,MSCA-IF,999992692,DR,Sebo,Sebo Uithol,http://www.wikidata.org/entity/Q91820062,Uithol
657607,FOREST 3D - ECOCARB,MSCA-IF,999862906,DR,Cicimol,Cicimol Alexander,,Alexander
657615,NanoLight,MSCA-IF,999619436,DR,Sylwester,Sylwester Gawinkowski,http://www.wikidata.org/entity/Q46615294,Gawinkowski
657621,EI-USAXS,MSCA-IF,99997562,DR,Peter,Peter Modregger,http://www.wikidata.org/entity/Q51621176,Modregger
657627,PERMTHAW,MSCA-IF,999981925,DR,Mats,Mats Björkman,,Björkman
657630,TDL2Ho,MSCA-IF,99992712,DR,Xavier,Xavier Mateos,http://www.wikidata.org/entity/Q80094403,Mateos
657633,DecipherBILU,MSCA-IF,999977172,DR,Olivier,Olivier Papapietro,http://www.wikidata.org/entity/Q90349421,Papapietro
657637,FOODWASTE,MSCA-IF,999991043,DR,Sebastian,Sebastian Abrahamsson,,Abrahamsson
657639,WORMTUMORS,MSCA-IF,999849229,DR,Katherine,Katherine Smith,,Smith
657639,WORMTUMORS,MSCA-IF,999979694,DR,Katherine,Katherine Smith,,Smith
657650,DLCHHB,MSCA-IF,99946734,DR,David,David Lunn,http://www.wikidata.org/entity/Q70862939,Lunn
657650,DLCHHB,MSCA-IF,99998435,DR,David,David Lunn,http://www.wikidata.org/entity/Q70862939,Lunn
657661,Space-Time from Info,MSCA-IF,999823912,DR,Philipp,Philipp Höhn,http://www.wikidata.org/entity/Q90975858,Höhn
657663,AROSYN,MSCA-IF,999977172,DR,Marios,Marios Mavrogiorgos,,Mavrogiorgos
657679,ZERO-TRAIN-BCI,MSCA-IF,999986678,DR,Pieter-Jan,Pieter-Jan Kindermans,,Kindermans
657681,PULVAD,MSCA-IF,999643007,DR,Konstantinos,Konstantinos Malliaras,http://www.wikidata.org/entity/Q90641197,Malliaras
657682,OPTIMAL NMR,MSCA-IF,999977463,DR,Zdeněk,Zdeněk Tošner,http://www.wikidata.org/entity/Q59539672,Tošner
657685,CoordinGrowthDev,MSCA-IF,99999793,DR,Laura,Laura Boulan,,Boulan
657701,LiVirIn,MSCA-IF,999991334,DR,Manoj,Manoj Kumar,,Kumar
657702,NEUROMITO,MSCA-IF,999990267,DR,Vidhya,Vidhya Rangaraju,http://www.wikidata.org/entity/Q56046494,Rangaraju
657712,BETAPEV,MSCA-IF,99999793,DR,Elodie,Élodie Boublil,http://www.wikidata.org/entity/Q95748403,Boublil
657716,RejuvenateBone,MSCA-IF,998346214,DR,Darja,Darja Marolt Presen,,Marolt Presen
657725,APCINTERACTIONS,MSCA-IF,906446474,MR,Andreas,Andreas Boland,http://www.wikidata.org/entity/Q58307566,Boland
657725,APCINTERACTIONS,MSCA-IF,99999017,MR,Andreas,Andreas Boland,http://www.wikidata.org/entity/Q58307566,Boland
657726,AsymHalogenation,MSCA-IF,999981925,DR,Inmaculada,Inmaculada Rodriguez Lahoz,,Rodriguez Lahoz
657732,EvoNovo,MSCA-IF,999991722,DR,Isabel,Isabel Almudi,,Almudi
657733,ISSVS,MSCA-IF,999915189,DR,Sara,Sara Schaafsma,http://www.wikidata.org/entity/Q82874144,Schaafsma
657739,miRTurnOver,MSCA-IF,999985611,DR,Aphrodite,Aphrodite Tsaballa,http://www.wikidata.org/entity/Q58199498,Tsaballa
657741,socialog,MSCA-IF,999984156,DR,Filippos,Filippos Exadaktylos,,Exadaktylos
657749,NeuroUTR,MSCA-IF,93642607,DR,Raphaëlle,Raphaëlle Luisier,http://www.wikidata.org/entity/Q88377511,Luisier
657749,NeuroUTR,MSCA-IF,999494888,DR,Raphaëlle,Raphaëlle Luisier,http://www.wikidata.org/entity/Q88377511,Luisier
657750,SWLCONNECTIVITY,MSCA-IF,999989782,PROF,Paolo,Paolo Salvatore Andrea Palladino,http://www.wikidata.org/entity/Q58148940,Palladino
657751,NITEC,MSCA-IF,999992789,DR,Elisabetta,Elisabetta Baracchini,,Baracchini
657755,ArtOxiZymes,MSCA-IF,999984253,DR,Amanda,Amanda G Jarvis,http://www.wikidata.org/entity/Q60011456,Jarvis
657765,BAIPFeOTC,MSCA-IF,999985805,DR,Pradip,Pradip Ghosh,http://www.wikidata.org/entity/Q83178902,Ghosh
657766,BURK-6,MSCA-IF,999658818,DR,Abderrahman,Abderrahman Hachani,http://www.wikidata.org/entity/Q60058126,Hachani
657766,BURK-6,MSCA-IF,999912667,DR,Abderrahman,Abderrahman Hachani,http://www.wikidata.org/entity/Q60058126,Hachani
657768,PEARS,MSCA-IF,999993468,DR,François,François Blanquart,,Blanquart
657769,PALEOSEISQUAKE,MSCA-IF,99946734,DR,Hector,Hector Perea Manera,,Perea Manera
657769,PALEOSEISQUAKE,MSCA-IF,999991722,DR,Hector,Hector Perea Manera,,Perea Manera
657784,ACTUS,MSCA-IF,999605953,DR,Olga Anne Nathalie,Olga Anne Nathalie Jean-Baptiste,,Jean-Baptiste
657784,ACTUS,MSCA-IF,999986581,DR,Olga Anne Nathalie,Olga Anne Nathalie Jean-Baptiste,,Jean-Baptiste
657788,MEHYB,MSCA-IF,999979888,DR,Zeliang,Zeliang Xiang,,Xiang
657796,CREST UNDER TENSION,MSCA-IF,999981052,MS,Maria Cristina,Maria Cristina Rodriguez Fontenla,,Rodriguez Fontenla
657835,SugarOsmoSignalling,MSCA-IF,999977851,DR,Timo,Timo Engelsdorf,http://www.wikidata.org/entity/Q53116639,Engelsdorf
657852,YAKUT,MSCA-IF,999991043,DR,Michela,Michela Leonardi,http://www.wikidata.org/entity/Q57661633,Leonardi
657853,GCP-GEOTARCTIC,MSCA-IF,998804636,MRS,Mélanie,Melanie Grenier,http://www.wikidata.org/entity/Q89737406,Grenier
657853,GCP-GEOTARCTIC,MSCA-IF,99999793,MRS,Mélanie,Melanie Grenier,http://www.wikidata.org/entity/Q89737406,Grenier
657861,MIGWAR,MSCA-IF,999980664,DR,Marion,Marion S Mercier,http://www.wikidata.org/entity/Q90968302,Mercier
657865,MAXWELL,MSCA-IF,999903064,DR,Tadhg,Tadhg O' Mahony,,O' Mahony
657875,SCARtool,MSCA-IF,999895983,DR,Oliver,Oliver Diaz Montesdeoca,http://www.wikidata.org/entity/Q55714917,Diaz Montesdeoca
657876,ABRUPT,MSCA-IF,997836285,DR,Alistair,Alistair W.R. Seddon,http://www.wikidata.org/entity/Q57274993,Seddon
657877,FACT,MSCA-IF,999885119,DR,Stéphanie,Stéphanie Bérard,,Bérard
657883,SUSAMIDE,MSCA-IF,99990287,DR,Yan-Ping,Yan-Ping Zhu,http://www.wikidata.org/entity/Q82260886,Zhu
657898,CHLAMYS,MSCA-IF,999991043,DR,Maria,Maria Papadopoulou,http://www.wikidata.org/entity/Q91805541,Papadopoulou
657904,PREF LEARNHEUR,MSCA-IF,999985708,DR,Maël,Mael Lebreton,http://www.wikidata.org/entity/Q64796998,Lebreton
657918,CAPITULA,MSCA-IF,999481793,DR,Oriane,Oriane Hidalgo,http://www.wikidata.org/entity/Q21388180,Hidalgo
657925,MICOFLUID,MSCA-IF,99998435,DR,Elise,Elise Lorenceau,,Lorenceau
657937,Hadza communication,MSCA-IF,999899475,DR,Monika,Monika Abels,http://www.wikidata.org/entity/Q80693289,Abels
657949,LOBFRAM,MSCA-IF,999957869,DR,Benedetta,Benedetta Voltolini,,Voltolini
657951,RareFunctions,MSCA-IF,99999793,DR,Caroline,Caroline Tucker,http://www.wikidata.org/entity/Q59707963,Tucker
657956,IASS,MSCA-IF,999867077,DR,John,John Palmer,,Palmer
657978,Protprot,MSCA-IF,999975426,DR,Danuta,Danuta Witkowska,,Witkowska
657988,RNA-SHAPE,MSCA-IF,999990267,DR,Michael,Michael Gamalinda,,Gamalinda
657990,EM-Pillars,MSCA-IF,99999017,DR,Thomas,Thomas Acquin Martin,http://www.wikidata.org/entity/Q18954609,Martin
657995,embryonic rosettes,MSCA-IF,999977172,DR,Anna,Anna Hupalowska,,Hupalowska
658005,HYPERLIGHT,MSCA-IF,99984176,DR,Laine,Laine Clark-Balzan,,Clark-Balzan
658025,CRISIS,MSCA-IF,999975329,DR,Thomas,Thomas Wahl,http://www.wikidata.org/entity/Q96177184,Wahl
658031,GenSPI,MSCA-IF,999466952,DR,Stephen,Stephen Byrne,http://www.wikidata.org/entity/Q46836296,Byrne
658034,AspSync,MSCA-IF,933640521,DR,Fabio,Fabio Corbi,,Corbi
658035,OceanLiNES,MSCA-IF,986090458,DR,Thomas,Thomas Browning,http://www.wikidata.org/entity/Q88108063,Browning
658041,PEATmod,MSCA-IF,999864555,DR,Anne,Anne Quillet-Mary,http://www.wikidata.org/entity/Q92225908,Quillet
658045,MED-FARWEST,MSCA-IF,999985514,DR,Pilar,Pilar Diarte Blasco,,Diarte Blasco
658047,Savage Warfare,MSCA-IF,968164082,DR,Kim,Kim C Wagner,http://www.wikidata.org/entity/Q98725837,Wagner
658047,Savage Warfare,MSCA-IF,999847677,DR,Kim,Kim C Wagner,http://www.wikidata.org/entity/Q98725837,Wagner
658056,OSCAR,MSCA-IF,909875521,DR,Patrizia,Patrizia Borghetti,,Borghetti
658056,OSCAR,MSCA-IF,999986193,DR,Patrizia,Patrizia Borghetti,,Borghetti
658057,HS-GLASSion,MSCA-IF,999981149,DR,Alfonso,Alfonso Sepulveda Marquez,,Sepulveda Marquez
658061,iRhom2 in AD,MSCA-IF,99987571,DR,Simone,Simone Scilabra,,Scilabra
658070,2DNano,MSCA-IF,999977463,DR,Manuela,Manuela Garnica,http://www.wikidata.org/entity/Q84255092,Garnica
658072,FISHARC,MSCA-IF,999978336,MS,Laura,Laura Llorente-rodríguez,,Llorente-rodríguez
658073,seQureNet,MSCA-IF,99998435,DR,Stefanie,Stefanie Barz,http://www.wikidata.org/entity/Q67088456,Barz
658078,POTI,MSCA-IF,999977172,DR,Jillian,Jillian Hilditch,,Hilditch
658079,EMMA,MSCA-IF,999907526,MS,Paula Perez,Paula Perez-Sobrino,http://www.wikidata.org/entity/Q57416599,Sobrino
658085,DAMAGE,MSCA-IF,999974165,DR,Antoine,Antoine Stier,,Stier
658088,NESSY,MSCA-IF,999974941,DR,Anna Lisa,Anna Lisa Varri,http://www.wikidata.org/entity/Q59114985,Varri
658091,Nano Structured Emulsion Foods,MSCA-IF,999907526,DR,Aditya,Aditya P Nayak,http://www.wikidata.org/entity/Q87675530,Nayak
658110,NORNS,MSCA-IF,999904616,DR,Alastair,Alastair Matthews,,Matthews
658116,VesHemiSyn,MSCA-IF,99999793,DR,Magalie,Magalie Martineau,http://www.wikidata.org/entity/Q46492046,Martineau
658120,SEADOG,MSCA-IF,999977172,DR,Rachael,Rachael H Rhodes,http://www.wikidata.org/entity/Q58185874,Rhodes
658126,MarkEfficiency,MSCA-IF,999993274,DR,Sarah,Sarah J. Meale,http://www.wikidata.org/entity/Q55755042,Meale
658133,FUTURESYRIA,MSCA-IF,99998435,DR,Leila,Leila Vignal,http://www.wikidata.org/entity/Q17426028,Vignal
658145,3D-ADAPT,MSCA-IF,999620018,DR,Irene,Irene Miguel-Escalada,http://www.wikidata.org/entity/Q48190613,Miguel Escalada
658155,CHLOROIRIDOIDS,MSCA-IF,999992595,DR,Hajo,Hajo Kries,http://www.wikidata.org/entity/Q64681988,Kries
658162,HORIP,MSCA-IF,999991043,DR,Cynthia,Cynthia Kop,,Kop
658170,breast cancer dormancy,MSCA-IF,999974941,DR,Cigdem,Cigdem Selli Karakaya,,Selli Karakaya
658172,PTALLENEST,MSCA-IF,999985611,DR,Maria Teresa,María Teresa Quirós,http://www.wikidata.org/entity/Q83380737,Quiros
658173,NAP-QDYS,MSCA-IF,999907526,DR,Angelo,Angelo Giussani,http://www.wikidata.org/entity/Q87901635,Giussani
658173,NAP-QDYS,MSCA-IF,99997562,DR,Angelo,Angelo Giussani,http://www.wikidata.org/entity/Q87901635,Giussani
658174,CREAM,MSCA-IF,910186018,DR,Daniel,Daniel Torrent,http://www.wikidata.org/entity/Q60294151,Torrent
658174,CREAM,MSCA-IF,999899378,DR,Daniel,Daniel Torrent,http://www.wikidata.org/entity/Q60294151,Torrent
658180,LORENZLIDAR,MSCA-IF,999977172,DR,Ruben,Ruben Valbuena,,Valbuena
658183,TOTIPOTENCY2014,MSCA-IF,999473742,DR,Melanie,Melanie Eckersley-maslin,,Eckersley-maslin
658186,FRAMING_EFFECTS,MSCA-IF,999976978,DR,OZAN,Ozan Isler,http://www.wikidata.org/entity/Q59694375,ISLER
658190,ASSEMZYME,MSCA-IF,99656995,DR,Alessandro,Alessandro Sorrenti,http://www.wikidata.org/entity/Q58779632,Sorrenti
658195,BBFGEN,MSCA-IF,999981052,DR,Simone,Simone de Jong,http://www.wikidata.org/entity/Q56953416,De Jong
658197,HiCapWDM,MSCA-IF,999984059,DR,Tong,Tong Shao,,Shao
658217,low Pt loading FCCHP,MSCA-IF,999976978,DR,Sheng,Sui Sheng T Hua,http://www.wikidata.org/entity/Q87617751,Sui
658224,hetero-MOF,MSCA-IF,99999793,DR,Mónica,Mónica Giménez-Marqués,http://www.wikidata.org/entity/Q42290004,Giménez Marqués
658227,SOCUPols,MSCA-IF,999548044,DR,Marco,Marco Noè,http://www.wikidata.org/entity/Q57503367,Noè
658244,PEMETH,MSCA-IF,99997562,DR,Evangelia,Evangelia Chrysikou,http://www.wikidata.org/entity/Q88385853,Chrysikou
658248,SHDS,MSCA-IF,999976881,DR,David,David Escolano,,Escolano
658252,BIOCLIMA,MSCA-IF,999866883,DR,Marcello,Marcello Natalicchio,http://www.wikidata.org/entity/Q57907417,Natalicchio
658252,BIOCLIMA,MSCA-IF,999905101,DR,Marcello,Marcello Natalicchio,http://www.wikidata.org/entity/Q57907417,Natalicchio
658253,QuantuM-nano,MSCA-IF,998096827,DR,Sylvain,Sylvain Schwartz,,Schwartz
658253,QuantuM-nano,MSCA-IF,99999793,DR,Sylvain,Sylvain Schwartz,,Schwartz
658256,silvercatpharma,MSCA-IF,999548044,DR,Beatrice,Beatrice Ranieri,,Ranieri
658258,EPICA,MSCA-IF,999619436,MR,David,David Paredes Barato,http://www.wikidata.org/entity/Q86455359,Paredes
658261,RULE-THERM,MSCA-IF,999896953,DR,Xue,Xue Bai,,Bai
658265,CHRISLAS,MSCA-IF,999864555,DR,Hajnalka,Hajnalka Tamas,,Tamas
658266,AraMyco,MSCA-IF,999985805,DR,Ivan,Iván López-Fernández,http://www.wikidata.org/entity/Q88012444,Fernandez lopez
658270,WO for solar fuels,MSCA-IF,999993468,DR,Laia,Laia Francàs,http://www.wikidata.org/entity/Q57052406,Francàs Forcada
658277,DCmucoHIV,MSCA-IF,999992401,DR,mariangela,mariangela Cavarelli,,Cavarelli
658285,FOREMOTIONS,MSCA-IF,999978433,DR,Carlo,Carlo Nicolai,,Nicolai
658297,POLITICALLIFEWRITING,MSCA-IF,99990384,DR,Walter,Walter Baroni,,Baroni
658303,East-West,MSCA-IF,999905101,DR,Xinrong,Xinrong Yang,,Yang
658311,SIBG,MSCA-IF,99999793,DR,Andrew,Andrew Sykes,http://www.wikidata.org/entity/Q89227667,Sykes
658323,DYNADE,MSCA-IF,999480338,DR,Luca,Luca Váradi,,Váradi
658327,2D Hetero-architecture,MSCA-IF,999990655,DR,Luca,Luca Camili,,Camili
658330,DEEPER,MSCA-IF,999861451,MR,Amiya,Amiya Baruah,,Baruah
658332,WFL,MSCA-IF,999915771,DR,Eleonora,Eleonora Litta modignani picozzi,,Litta modignani picozzi
658334,OsteoNano,MSCA-IF,999990267,DR,Elisa,Elisa Migliorini,http://www.wikidata.org/entity/Q51064850,Migliorini
658341,NBSC,MSCA-IF,99990384,MS,Francesca Martina,Francesca Martina Branzi,,Branzi
658349,PINC,MSCA-IF,999974844,DR,Mengyao,Mengyao Xie,,Xie
658351,MHAtriCell,MSCA-IF,999847677,DR,Jayati,Jayati Banerjee,,Banerjee
658352,MitoTAGs,MSCA-IF,999986484,DR,Elisenda,Elisenda Sanz iglesias,,Sanz iglesias
658358,SIDEW,MSCA-IF,999977172,DR,David,David Amblas,http://www.wikidata.org/entity/Q57004753,Amblas
658360,NANOSPHERE,MSCA-IF,999977172,DR,Steven,Steven J. Barrow,http://www.wikidata.org/entity/Q51220426,Barrow
658363,ARENAVIRUS,MSCA-IF,99998435,DR,Antra,Antra Zeltina,http://www.wikidata.org/entity/Q55189533,Zeltina
658366,AQUIRE,MSCA-IF,999974165,DR,Sebastian,Sebastian Steinlechner,,Steinlechner
658368,NanoSyNNets,MSCA-IF,999991043,DR,Maeva,Maeva Vignes,,Vignes
658375,EFTA DEVELOPMENT,MSCA-IF,999903064,DR,Matthew,Matthew Broadbent,http://www.wikidata.org/entity/Q97850767,Broad
658376,ERIN,MSCA-IF,999992013,DR,Triona,Triona O'Hanlon,,O'Hanlon
658386,AstroSignals,MSCA-IF,999977172,DR,Margit Silke,Margit Silke Muller,,Muller
658391,NeutronOPV,MSCA-IF,999976881,DR,Gabriel,Gabriel Bernardo,,Bernardo
658400,CHRYSOWEB,MSCA-IF,998348639,DR,Csaba,Csaba F. Vad,http://www.wikidata.org/entity/Q56422211,Vad
658405,HYPOXFLU,MSCA-IF,99998435,DR,DUBOST,Emmanuelle Dubost,http://www.wikidata.org/entity/Q84397564,Emmanuelle
658418,PromoTeRapy,MSCA-IF,99997562,DR,Gabriele,Gabriele Lignani,http://www.wikidata.org/entity/Q60658961,Lignani
658425,Social Jet Lag,MSCA-IF,999479077,MR,Martin,Martin Bulla,http://www.wikidata.org/entity/Q57564082,Bulla
658425,Social Jet Lag,MSCA-IF,999624092,MR,Martin,Martin Bulla,http://www.wikidata.org/entity/Q57564082,Bulla
658437,ENMMCL,MSCA-IF,999847677,DR,Yongpan,Yongpan Cheng,,Cheng
658442,MINOTAUR,MSCA-IF,999994632,DR,Johan,Johan Decelle,,Decelle
658451,AMORPHORM,MSCA-IF,999991043,DR,Juraj,Juraj Sibik,http://www.wikidata.org/entity/Q57555546,Sibik
658464,DEGASS,MSCA-IF,999980567,DR,Sabine,Sabine Den Hartog,,Den Hartog
658467,THz Photochemistry,MSCA-IF,999990267,DR,Heejae,Heejae Kim,http://www.wikidata.org/entity/Q41602186,Kim
658475,ClimatCon,MSCA-IF,9998534,DR,Xiao-Hui,Xiao-Hui Wang,,Wang
658478,MSMART,MSCA-IF,999847677,DR,Ke,Ke Zhang,,Zhang
658479,SpikeControl,MSCA-IF,909875521,DR,Niceto Rafael,Niceto Rafael Luque-Sola,,Luque-Sola
658479,SpikeControl,MSCA-IF,999986193,DR,Niceto Rafael,Niceto Rafael Luque-Sola,,Luque-Sola
658483,HARPOCRATES,MSCA-IF,99999793,DR,Marco,Marco Miniaci,http://www.wikidata.org/entity/Q57319144,Miniaci
658490,CARiPSCTcells,MSCA-IF,919322739,DR,Maria,Maria Themeli,,Themeli
658490,CARiPSCTcells,MSCA-IF,954530344,DR,Maria,Maria Themeli,,Themeli
658494,ENEFOR,MSCA-IF,999870472,DR,George,George Filis,,Filis
658496,MemoMCI,MSCA-IF,94537044,DR,Marco,Marco Sandrini,http://www.wikidata.org/entity/Q43201925,Sandrini
658499,PolAME,MSCA-IF,999806355,DR,Frédérick,Frédérick Poidevin,http://www.wikidata.org/entity/Q58484807,Poidevin
658512,HumanitarianPassions,MSCA-IF,999510117,DR,Francesco,Francesco Zucconi,,Zucconi
658520,PATOX,MSCA-IF,999992013,DR,Juan Andres,Juan Andrés Rubiolo,http://www.wikidata.org/entity/Q100432036,Rubiolo
658521,EVOREL,MSCA-IF,999991722,DR,Ignacio,Ignacio Maeso,http://www.wikidata.org/entity/Q42054951,Maeso
658530,THERMOPLAST,MSCA-IF,999977851,DR,Tim,Tim Burton,http://www.wikidata.org/entity/Q90252179,Burton
658536,VIVO_MECH_COLL_MIGRA,MSCA-IF,99997562,DR,Elias,Elias H Barriga,http://www.wikidata.org/entity/Q63244722,Barriga
658554,N-SHEAD,MSCA-IF,999993468,DR,Leonora,Leonora Velleman,http://www.wikidata.org/entity/Q57004583,Velleman
658556,NanoBragg,MSCA-IF,999979888,DR,Christoph,Christoph Clausen,,Clausen
658560,DYS_FUNCTION,MSCA-IF,99997562,DR,Federica,Federica Montanaro,http://www.wikidata.org/entity/Q58264295,Montanaro
658563,FlexCHIC,MSCA-IF,999993468,DR,Kornelius,Kornelius Tetzner,,Tetzner
658570,NextGen Airliners,MSCA-IF,999892491,DR,Joaquim,Joaquim Martins Jr.,http://www.wikidata.org/entity/Q57422296,Martins
658573,THESUNKIN,MSCA-IF,99998435,DR,Sofia,Sofia Kravaritou,,Kravaritou
658574,FastTh,MSCA-IF,999986387,DR,Maximilian,Maximilian Attems,http://www.wikidata.org/entity/Q91015008,Attems
658579,BIOCONTROL-A,MSCA-IF,99946734,DR,Juan,Juan Moral,http://www.wikidata.org/entity/Q90218121,Moral
658579,BIOCONTROL-A,MSCA-IF,999872703,DR,Juan,Juan Moral,http://www.wikidata.org/entity/Q90218121,Moral
658581,CODIR,MSCA-IF,999857474,DR,Konstantinos,Konstantinos Tsetsos,http://www.wikidata.org/entity/Q38601146,Tsetsos
658581,CODIR,MSCA-IF,999985708,DR,Konstantinos,Konstantinos Tsetsos,http://www.wikidata.org/entity/Q38601146,Tsetsos
658589,MWMI,MSCA-IF,999857474,DR,Siawoosh,Siawoosh Mohammadi,http://www.wikidata.org/entity/Q39842418,Mohammadi
658591,CIAO,MSCA-IF,999839626,DR,Tahmineh,Tahmineh Pirnia Naeini,,Pirnia Naeini
658592,NANOTAM,MSCA-IF,999785015,DR,Fernando,Fernando Torres andón,,Torres andón
658596,Constructions,MSCA-IF,999991043,DR,Wojciech,Wojciech Lewandowski,http://www.wikidata.org/entity/Q25826607,Lewandowski
658602,COCLIMAT,MSCA-IF,999974456,DR,Gregory,Gregory Duane,,Duane
658614,MoStMusic,MSCA-IF,999985805,DR,Jose Pedro,Jose Pedro Rodrigues magalhaes,,Rodrigues magalhaes
658625,HAT-MOZ-sphere,MSCA-IF,99990384,DR,Anne,Anne Largeot,http://www.wikidata.org/entity/Q84485348,Largeot
658632,ROR2BONE,MSCA-IF,999857474,DR,Courtney,Courtney Long,,Long
658645,S4ILS,MSCA-IF,997329751,DR,Maria,Maria Heiligers,,Heiligers
658645,S4ILS,MSCA-IF,999977366,DR,Maria,Maria Heiligers,,Heiligers
658651,GEODEM,MSCA-IF,999845446,DR,Anna Maria,Anna Mária Csergő,http://www.wikidata.org/entity/Q85649758,Csergo
658665,HyGlio,MSCA-IF,953764044,DR,Clara,Clara Mattu,http://www.wikidata.org/entity/Q57035151,Mattu
658665,HyGlio,MSCA-IF,999977754,DR,Clara,Clara Mattu,http://www.wikidata.org/entity/Q57035151,Mattu
658666,REZONABLE,MSCA-IF,999991334,DR,Willeke,Willeke de Haan,,de Haan
658676,VECTORIGAMI,MSCA-IF,99997853,DR,João,João Rosa,http://www.wikidata.org/entity/Q60733289,Rosa
658677,MediVAC,MSCA-IF,999991043,MS,Allison,Allison Heskes,,Heskes
658694,EUMIGRE,MSCA-IF,999874352,DR,Emmanouil,Emmanouil Pratsinakis,,Pratsinakis
658701,ImmunoFarm,MSCA-IF,999651931,DR,Paloma,Paloma Juarez Ortega,,Juarez Ortega
658705,NEW4NEW,MSCA-IF,999511863,DR,Jiri,Jiří Klimeš,http://www.wikidata.org/entity/Q43176544,Klimes
658706,AfterTheIce,MSCA-IF,999991043,DR,Ricardo,Ricardo Pereira,,Pereira
658712,GLYCODIS3,MSCA-IF,998217883,DR,Giuseppe,Giuseppe Ronzitti,http://www.wikidata.org/entity/Q89436978,Ronzitti
658714,PALECOEVOL,MSCA-IF,999907526,DR,Dagmar,Dagmar Frisch,http://www.wikidata.org/entity/Q54666465,Frisch
658718,MUCDIFF,MSCA-IF,999866883,DR,Maria de Fátima,Maria de Fátima Cardoso Pereira,,Cardoso Pereira
658724,FertilityPolicies,MSCA-IF,999901512,DR,Azer,Azer Kılıç,http://www.wikidata.org/entity/Q88040148,Kilic
658726,TIGER,MSCA-IF,999902579,DR,Rita,Rita Rebollo,http://www.wikidata.org/entity/Q57070506,Rebollo
658742,CONTESTED URBANISM,MSCA-IF,99997562,DR,Jonathan,Jonathan Rokem-Rock,,Rokem-Rock
658760,ATCK-HER,MSCA-IF,986317632,DR,Laia,Laia Colomer,,Colomer
658761,Micropod,MSCA-IF,999974359,DR,Eoin,Eoin O'cearbhaill,,O'cearbhaill
658764,TMGSiP,MSCA-IF,999974262,DR,Wojciech,Wojciech Dębski,http://www.wikidata.org/entity/Q9376460,Debski
658769,MYO-DESMOPLASIA,MSCA-IF,999835843,DR,Andreas,Andreas Stylianou,http://www.wikidata.org/entity/Q61307491,Stylianou
658784,MARCS,MSCA-IF,999978724,DR,Diego,Diego Pescarini,,Pescarini
658785,DISC,MSCA-IF,999980373,DR,Amina,Amina Piemontese,,Piemontese
658789,BIDAMARK,MSCA-IF,999836522,DR,Saamppa,Saamppa Suoniemi,,Suoniemi
658793,CABBALA,MSCA-IF,99999793,DR,FLAVIA,FLAVIA Buzzetta,,Buzzetta
658795,DOGMITE,MSCA-IF,999985708,MR,Nicky,Nicky Wybouw,http://www.wikidata.org/entity/Q57142439,Wybouw
658806,LUMIMAGNET-NANO,MSCA-IF,999865234,DR,Rosa,Rosa Martín-Rodríguez,http://www.wikidata.org/entity/Q57870474,Martín Rodríguez
658812,HAHPEC,MSCA-IF,99984758,DR,Cristina,Cristina Prytz,,Prytz
658813,Old and New,MSCA-IF,999823912,DR,Silvia,Silvia Hufnagel,,Hufnagel
658818,FLYghtCaRe,MSCA-IF,999977172,DR,Sabrina,Sabrina Asteriti,http://www.wikidata.org/entity/Q89493228,Asteriti
658825,jamclay,MSCA-IF,99998435,DR,James,James Clayton,http://www.wikidata.org/entity/Q6131411,Clayton
658832,SOLLAY,MSCA-IF,99998435,DR,Partha,Partha Jana,,Jana
658833,ChemoBOOM,MSCA-IF,999974941,DR,Belén,Belén Rubio-Ruiz,http://www.wikidata.org/entity/Q56419679,Rubio Ruiz
658838,STOICHIOMET,MSCA-IF,999975814,DR,Francisco José,Francisco José Bullejos Carrillo,,Bullejos Carrillo
658843,ChiralCatLnCoils,MSCA-IF,999907526,DR,Anbu,Anbu Sellamuthu Kooduthurai,,Sellamuthu Kooduthurai
658844,Eco-PhyloGeo,MSCA-IF,999991722,DR,Leonardo,Leonardo Dapporto,,Dapporto
658846,Rotary Wing CLFC,MSCA-IF,999986678,DR,Oksana,Oksana Stalnov,http://www.wikidata.org/entity/Q96949577,Stalnov
658849,Mycena,MSCA-IF,999975814,MR,Christoffer Bugge,Christoffer Bugge Harder,,Harder
658850,Als-on-a-chip,MSCA-IF,999995893,DR,Dimitrios,Dimitrios S Tzeranis,http://www.wikidata.org/entity/Q83828136,Tzeranis
658851,MaSCheNav,MSCA-IF,999993468,DR,Chiara,Chiara Fabbro,http://www.wikidata.org/entity/Q63685480,Fabbro
658853,HiPerMeGaFlowS,MSCA-IF,99965552,DR,Xevi,Xevi Roca,http://www.wikidata.org/entity/Q61762636,Roca
658855,OptiMADMix,MSCA-IF,999907526,DR,Thomas,Thomas Maere,http://www.wikidata.org/entity/Q43326831,Maere
658863,SEDiLINK,MSCA-IF,999854661,DR,Andra-Rada,Andra-Rada Iurian,,Iurian
658868,MUSIC,MSCA-IF,99946734,DR,Arjen,Arjen Stolk,http://www.wikidata.org/entity/Q57313995,Stolk
658868,MUSIC,MSCA-IF,99999211,DR,Arjen,Arjen Stolk,http://www.wikidata.org/entity/Q57313995,Stolk
658870,MigrWorkers,MSCA-IF,999911309,DR,Carmen-Laura,Carmen-Laura Lovin,,Lovin
658870,MigrWorkers,MSCA-IF,999974068,DR,Carmen-Laura,Carmen-Laura Lovin,,Lovin
658875,GGG,MSCA-IF,999985514,DR,Nur Bahar,Nur Bahar Sakizlioglu Uitermark,,Sakizlioglu Uitermark
658876,Forests and CO,MSCA-IF,999850781,DR,Francesco Maria,Francesco Maria Sabatini,http://www.wikidata.org/entity/Q58176393,Sabatini
658882,MARIS,MSCA-IF,999991043,DR,Ruth,Ruth Anderson,http://www.wikidata.org/entity/Q58124910,Anderson
658884,Eco-LWG,MSCA-IF,999993468,DR,Veronica,Veronica Ferrandiz-Mas,http://www.wikidata.org/entity/Q96065404,Ferrandiz
658897,GLOID,MSCA-IF,919322739,DR,Sarah,Sarah Hiles,,Hiles
658897,GLOID,MSCA-IF,954530344,DR,Sarah,Sarah Hiles,,Hiles
658900,EPIMAIZE,MSCA-IF,954902436,DR,Daniel,Daniel Grimanelli,http://www.wikidata.org/entity/Q42773486,Grimanelli
658900,EPIMAIZE,MSCA-IF,999513803,DR,Daniel,Daniel Grimanelli,http://www.wikidata.org/entity/Q42773486,Grimanelli
658902,OSS,MSCA-IF,99999793,DR,Sanela,Sanela Mrkonjic,,Mrkonjic
658912,Cosmo Plasmas,MSCA-IF,949533971,DR,Julius,Julius Donnert,,Donnert
658912,Cosmo Plasmas,MSCA-IF,99986892,DR,Julius,Julius Donnert,,Donnert
658914,MorpheuS,MSCA-IF,999847677,MRS,Dorien,Dorien Herremans,http://www.wikidata.org/entity/Q50786347,Herremans
658917,MANGANOXI,MSCA-IF,999847677,DR,Aneta,Aneta Nodzewska,,Nodzewska
658926,BilMemBrain,MSCA-IF,996120064,DR,Eugenia,María Eugenia Marín Contreras,http://www.wikidata.org/entity/Q92213588,Marín
658932,TWISTER,MSCA-IF,999980664,DR,Mathieu,Mathieu Pottier,http://www.wikidata.org/entity/Q48575960,Pottier
658933,HGSOC,MSCA-IF,999518362,DR,Oded,Oded Kopper,,Kopper
658953,MIP4CELL,MSCA-IF,999847192,DR,Guoqing,Guoqing Pan,http://www.wikidata.org/entity/Q39897171,Pan
658967,TIME,MSCA-IF,999975911,DR,Ana,Ana Coelho,http://www.wikidata.org/entity/Q40720156,Coelho
658971,ACPNMR,MSCA-IF,999976784,DR,Sławomir,Slawomir Potocki,http://www.wikidata.org/entity/Q64541635,Potocki
658974,Helping in Cyanopica,MSCA-IF,998484245,DR,Juliana,Juliana Valencia,http://www.wikidata.org/entity/Q63366411,Valencia
658980,ORGANO-GOLD CAT,MSCA-IF,999548044,DR,Charlie,Charlie Verrier,http://www.wikidata.org/entity/Q61093550,Verrier
658982,CHAOS,MSCA-IF,999991722,DR,Pawel,Paweł Rosa,http://www.wikidata.org/entity/Q86686523,Rosa
658986,HOARDEVOL,MSCA-IF,999985417,DR,Lindsay,Lindsay J Henderson,http://www.wikidata.org/entity/Q57154370,Henderson
658988,PS-IRAQ,MSCA-IF,999986096,DR,Nida,Nida Alahmad,,Alahmad
658989,LeGaNa,MSCA-IF,99998435,DR,Natalia,Natalia Ares,,Ares
658992,RISH,MSCA-IF,999843312,DR,Evanthia,Evanthia Papadopoulou,http://www.wikidata.org/entity/Q42874299,Papadopoulou
658997,ExMeCy,MSCA-IF,999653677,DR,Emmanouil,Emmanouil Flaounas,,Flaounas
658999,Modeling ERPs,MSCA-IF,999466467,DR,Milena,Milena Rabovsky,http://www.wikidata.org/entity/Q91221558,Rabovsky
658999,Modeling ERPs,MSCA-IF,999994826,DR,Milena,Milena Rabovsky,http://www.wikidata.org/entity/Q91221558,Rabovsky
659001,CNT-Nanostickers,MSCA-IF,999977172,DR,Nicolo,Nicolo Chiodarelli,,Chiodarelli
659003,FUNFIT,MSCA-IF,99990384,DR,Robert-Jan,Robert-Jan Bleichrodt,,Bleichrodt
659008,SocForVul,MSCA-IF,999991722,DR,Mathijs,Mathijs Van Overveld,,Van Overveld
659012,NANOLASER,MSCA-IF,999977269,DR,Bruno,Bruno Romeira,http://www.wikidata.org/entity/Q86491320,Romeira
659021,PHELLINI,MSCA-IF,998347572,DR,Marta,Marta Quintanilla,http://www.wikidata.org/entity/Q57870498,Quintanilla
659022,GENMETASTEM,MSCA-IF,999981052,DR,Irene,Irene Rodríguez-Hernández,http://www.wikidata.org/entity/Q87342354,Rodriguez-Hernandez
659025,BAP,MSCA-IF,999985805,DR,Anna,Anna Vangone,http://www.wikidata.org/entity/Q39928390,Vangone
659029,KREDs in GSBs,MSCA-IF,999977172,DR,Laurens,Laurens H Lindenburg,http://www.wikidata.org/entity/Q59697890,Lindenburg
659030,HEALTHYSYNAPSES,MSCA-IF,999651931,DR,Vinoy,Vinoy Vijayan,http://www.wikidata.org/entity/Q59560612,Vijayan
659033,MELANOPARK,MSCA-IF,999980567,MS,Leila,Leila Rochin,,Rochin
659046,MACROIMAGING,MSCA-IF,999974941,DR,Ramon,Ramon Subirós-Funosas,,Subirós-Funosas
659054,LHCbBaryonAmplitudes,MSCA-IF,999976784,DR,Jean,Jean Wicht,http://www.wikidata.org/entity/Q87464482,Wicht
659064,DISHY,MSCA-IF,9999795,DR,thomas,thomas Milinkovitch,,Milinkovitch
659065,INNOVCITIES,MSCA-IF,954530344,DR,James,James Patterson McAllister,http://www.wikidata.org/entity/Q89338499,Patterson
659067,MAPS,MSCA-IF,999992401,DR,Francesco,Francesco Guidi,http://www.wikidata.org/entity/Q94449706,Guidi
659070,Cyanolichens,MSCA-IF,999994535,DR,Inga,Inga Jüriado,http://www.wikidata.org/entity/Q12364541,Jüriado
659072,ResisGal,MSCA-IF,999991722,DR,Maria,Maria Prado,http://www.wikidata.org/entity/Q79305801,Prado
